Traditional,Simplified,Pinyin,Frequency,Notes
啊,啊,a,2,0
阿,阿,a,2,0
嗄,嗄,a,0,0
艾,艾,ai,2,0
埃,埃,ai,2,0
哎,哎,ai,2,0
哀,哀,ai,2,0
挨,挨,ai,2,0
唉,唉,ai,2,0
癌,癌,ai,2,0
隘,隘,ai,2,0
矮,矮,ai,2,0
欸,欸,ai,0,0
毐,毐,ai,0,0
安,安,an,2,0
按,按,an,2,0
案,案,an,2,0
鞍,鞍,an,2,0
暗,暗,an,2,0
岸,岸,an,2,0
黯,黯,an,2,0
俺,俺,an,1,0
氨,氨,an,1,0
庵,庵,an,1,0
埯,埯,an,0,0
揞,揞,an,0,0
盦,盦,an,0,0
桉,桉,an,0,0
犴,犴,an,0,0
昂,昂,ang,2,0
盎,盎,ang,2,0
熬,熬,ao,2,0
懊,懊,ao,2,0
傲,傲,ao,2,0
凹,凹,ao,2,0
拗,拗,ao,1,0
澳,澳,ao,1,0
坳,坳,ao,0,0
璈,璈,ao,0,0
嗷,嗷,ao,0,0
敖,敖,ao,0,0
鏖,鏖,ao,0,0
獒,獒,ao,0,0
聱,聱,ao,0,0
翱,翱,ao,0,0
廒,廒,ao,0,0
遨,遨,ao,0,0
鏊,鏊,ao,0,0
螯,螯,ao,0,0
把,把,ba,2,0
爸,爸,ba,2,0
扒,扒,ba,2,0
吧,吧,ba,2,0
巴,巴,ba,2,0
霸,霸,ba,2,0
八,八,ba,2,0
叭,叭,ba,2,0
芭,芭,ba,2,0
疤,疤,ba,2,0
拔,拔,ba,2,0
笆,笆,ba,2,0
跋,跋,ba,1,0
耙,耙,ba,1,0
靶,靶,ba,1,0
捌,捌,ba,1,0
魃,魃,ba,0,0
粑,粑,ba,0,0
灞,灞,ba,0,0
菝,菝,ba,0,0
柏,柏,bai,2,0
拜,拜,bai,2,0
白,白,bai,2,0
百,百,bai,2,0
稗,稗,bai,0,0
捭,捭,bai,0,0
佰,佰,bai,0,0
掰,掰,bai,0,0
板,板,ban,2,0
拌,拌,ban,2,0
版,版,ban,2,0
般,般,ban,2,0
班,班,ban,2,0
扮,扮,ban,2,0
伴,伴,ban,2,0
斑,斑,ban,2,0
半,半,ban,2,0
搬,搬,ban,2,0
瓣,瓣,ban,2,0
扳,扳,ban,1,0
舨,舨,ban,0,0
瘢,瘢,ban,0,0
坂,坂,ban,0,0
靽,靽,ban,0,0
阪,阪,ban,0,0
癍,癍,ban,0,0
傍,傍,bang,2,0
榜,榜,bang,2,0
磅,磅,bang,2,0
棒,棒,bang,2,0
邦,邦,bang,2,0
膀,膀,bang,2,0
梆,梆,bang,1,0
蚌,蚌,bang,1,0
浜,浜,bang,0,0
蒡,蒡,bang,0,0
褒,褒,bao,2,0
爆,爆,bao,2,0
堡,堡,bao,2,0
保,保,bao,2,0
胞,胞,bao,2,0
包,包,bao,2,0
抱,抱,bao,2,0
豹,豹,bao,2,0
刨,刨,bao,2,0
暴,暴,bao,2,0
苞,苞,bao,1,0
雹,雹,bao,1,0
煲,煲,bao,0,0
褓,褓,bao,0,0
趵,趵,bao,0,0
孢,孢,bao,0,0
葆,葆,bao,0,0
卑,卑,bei,2,0
碑,碑,bei,2,0
北,北,bei,2,0
被,被,bei,2,0
杯,杯,bei,2,0
悲,悲,bei,2,0
倍,倍,bei,2,0
背,背,bei,2,0
焙,焙,bei,1,0
邶,邶,bei,0,0
蓓,蓓,bei,0,0
孛,孛,bei,0,0
褙,褙,bei,0,0
碚,碚,bei,0,0
陂,陂,bei,0,0
鐾,鐾,bei,0,0
椑,椑,bei,0,0
鞴,鞴,bei,0,0
庳,庳,bei,0,0
悖,悖,bei,0,0
奔,奔,ben,2,0
笨,笨,ben,2,0
本,本,ben,2,0
坌,坌,ben,0,0
苯,苯,ben,0,0
畚,畚,ben,0,0
崩,崩,beng,2,0
蹦,蹦,beng,2,0
搒,搒,beng,0,0
甭,甭,beng,0,0
琫,琫,beng,0,0
迸,迸,beng,0,0
嘣,嘣,beng,0,0
泵,泵,beng,0,0
璧,璧,bi,2,0
敝,敝,bi,2,0
鄙,鄙,bi,2,0
臂,臂,bi,2,0
彼,彼,bi,2,0
逼,逼,bi,2,0
比,比,bi,2,0
避,避,bi,2,0
鼻,鼻,bi,2,0
弊,弊,bi,2,0
必,必,bi,2,0
庇,庇,bi,2,0
壁,壁,bi,2,0
碧,碧,bi,2,0
俾,俾,bi,2,0
蔽,蔽,bi,2,0
陛,陛,bi,2,0
荸,荸,bi,1,0
匕,匕,bi,1,0
狴,狴,bi,0,0
蚍,蚍,bi,0,0
篦,篦,bi,0,0
沘,沘,bi,0,0
箅,箅,bi,0,0
嬖,嬖,bi,0,0
裨,裨,bi,0,0
襞,襞,bi,0,0
吡,吡,bi,0,0
畀,畀,bi,0,0
婢,婢,bi,0,0
薜,薜,bi,0,0
滗,滗,bi,0,0
弼,弼,bi,0,0
睥,睥,bi,0,0
觱,觱,bi,0,0
毖,毖,bi,0,0
蓖,蓖,bi,0,0
愎,愎,bi,0,0
痹,痹,bi,0,0
妣,妣,bi,0,0
髀,髀,bi,0,0
秕,秕,bi,0,0
辨,辨,bian,2,0
匾,匾,bian,2,0
蝙,蝙,bian,2,0
遍,遍,bian,2,0
扁,扁,bian,2,0
便,便,bian,2,0
鞭,鞭,bian,2,0
卞,卞,bian,0,0
碥,碥,bian,0,0
弁,弁,bian,0,0
抃,抃,bian,0,0
褊,褊,bian,0,0
忭,忭,bian,0,0
汴,汴,bian,0,0
煸,煸,bian,0,0
砭,砭,bian,0,0
表,表,biao,2,0
彪,彪,biao,1,0
瀌,瀌,biao,0,0
瘭,瘭,biao,0,0
裱,裱,biao,0,0
婊,婊,biao,0,0
俵,俵,biao,0,0
蹩,蹩,bie,0,0
憋,憋,bie,0,0
彬,彬,bin,1,0
斌,斌,bin,0,0
玢,玢,bin,0,0
豳,豳,bin,0,0
柄,柄,bing,2,0
病,病,bing,2,0
冰,冰,bing,2,0
丙,丙,bing,2,0
兵,兵,bing,2,0
秉,秉,bing,1,0
并,并,bing,1,0
栟,栟,bing,0,0
邴,邴,bing,0,0
炳,炳,bing,0,0
摒,摒,bing,0,0
舶,舶,bo,2,0
泊,泊,bo,2,0
薄,薄,bo,2,0
博,博,bo,2,0
菠,菠,bo,2,0
跛,跛,bo,2,0
玻,玻,bo,2,0
膊,膊,bo,2,0
脖,脖,bo,2,0
勃,勃,bo,2,0
波,波,bo,2,0
搏,搏,bo,2,0
伯,伯,bo,2,0
播,播,bo,2,0
簸,簸,bo,2,0
渤,渤,bo,1,0
啵,啵,bo,0,0
礴,礴,bo,0,0
檗,檗,bo,0,0
帛,帛,bo,0,0
踣,踣,bo,0,0
亳,亳,bo,0,0
擘,擘,bo,0,0
嶓,嶓,bo,0,0
浡,浡,bo,0,0
僰,僰,bo,0,0
箔,箔,bo,0,0
卜,卜,bu,2,0
布,布,bu,2,0
捕,捕,bu,2,0
部,部,bu,2,0
步,步,bu,2,0
不,不,bu,2,0
怖,怖,bu,2,0
埠,埠,bu,2,0
簿,簿,bu,2,0
哺,哺,bu,1,0
醭,醭,bu,0,0
逋,逋,bu,0,0
卟,卟,bu,0,0
晡,晡,bu,0,0
擦,擦,ca,2,0
礤,礤,ca,0,0
嚓,嚓,ca,0,0
菜,菜,cai,2,0
睬,睬,cai,2,0
彩,彩,cai,2,0
采,采,cai,2,0
踩,踩,cai,2,0
猜,猜,cai,2,0
材,材,cai,2,0
才,才,cai,2,0
裁,裁,cai,2,0
蔡,蔡,cai,0,0
餐,餐,can,2,0
粲,粲,can,0,0
璨,璨,can,0,0
藏,藏,cang,2,0
操,操,cao,2,0
槽,槽,cao,2,0
嘈,嘈,cao,2,0
草,草,cao,2,0
糙,糙,cao,2,0
曹,曹,cao,1,0
螬,螬,cao,0,0
艚,艚,cao,0,0
漕,漕,cao,0,0
策,策,ce,2,0
岑,岑,cen,0,0
涔,涔,cen,0,0
曾,曾,ceng,2,0
蹭,蹭,ceng,0,0
茶,茶,cha,2,0
插,插,cha,2,0
差,差,cha,2,0
察,察,cha,2,0
叉,叉,cha,2,0
查,查,cha,2,0
岔,岔,cha,1,0
碴,碴,cha,0,0
汊,汊,cha,0,0
嵖,嵖,cha,0,0
槎,槎,cha,0,0
蹅,蹅,cha,0,0
杈,杈,cha,0,0
垞,垞,cha,0,0
檫,檫,cha,0,0
衩,衩,cha,0,0
搽,搽,cha,0,0
柴,柴,chai,2,0
拆,拆,chai,2,0
豺,豺,chai,1,0
瘥,瘥,chai,0,0
茝,茝,chai,0,0
孱,孱,chan,0,0
韂,韂,chan,0,0
澶,澶,chan,0,0
瀍,瀍,chan,0,0
躔,躔,chan,0,0
廛,廛,chan,0,0
巉,巉,chan,0,0
潺,潺,chan,0,0
羼,羼,chan,0,0
蟾,蟾,chan,0,0
裳,裳,chang,2,0
常,常,chang,2,0
唱,唱,chang,2,0
昌,昌,chang,2,0
倡,倡,chang,2,0
敞,敞,chang,2,0
猖,猖,chang,1,0
惝,惝,chang,0,0
徜,徜,chang,0,0
鬯,鬯,chang,0,0
嫦,嫦,chang,0,0
娼,娼,chang,0,0
菖,菖,chang,0,0
昶,昶,chang,0,0
氅,氅,chang,0,0
巢,巢,chao,2,0
吵,吵,chao,2,0
炒,炒,chao,2,0
超,超,chao,2,0
潮,潮,chao,2,0
嘲,嘲,chao,2,0
抄,抄,chao,2,0
晁,晁,chao,0,0
耖,耖,chao,0,0
怊,怊,chao,0,0
澈,澈,che,2,0
扯,扯,che,2,0
掣,掣,che,2,0
撤,撤,che,2,0
坼,坼,che,0,0
辰,辰,chen,2,0
忱,忱,chen,2,0
臣,臣,chen,2,0
沉,沉,chen,2,0
趁,趁,chen,2,0
晨,晨,chen,2,0
沈,沈,chen,1,0
宸,宸,chen,0,0
疢,疢,chen,0,0
琛,琛,chen,0,0
瞋,瞋,chen,0,0
郴,郴,chen,0,0
承,承,cheng,2,0
澄,澄,cheng,2,0
城,城,cheng,2,0
呈,呈,cheng,2,0
逞,逞,cheng,2,0
秤,秤,cheng,2,0
乘,乘,cheng,2,0
橙,橙,cheng,2,0
程,程,cheng,2,0
成,成,cheng,2,0
裎,裎,cheng,0,0
丞,丞,cheng,0,0
酲,酲,cheng,0,0
琤,琤,cheng,0,0
牚,牚,cheng,0,0
埕,埕,cheng,0,0
塍,塍,cheng,0,0
噌,噌,cheng,0,0
宬,宬,cheng,0,0
瞠,瞠,cheng,0,0
匙,匙,chi,2,0
豉,豉,chi,2,0
斥,斥,chi,2,0
尺,尺,chi,2,0
弛,弛,chi,2,0
吃,吃,chi,2,0
赤,赤,chi,2,0
池,池,chi,2,0
侈,侈,chi,2,0
持,持,chi,2,0
痴,痴,chi,2,0
翅,翅,chi,2,0
嗤,嗤,chi,1,0
蚩,蚩,chi,0,0
瓻,瓻,chi,0,0
笞,笞,chi,0,0
墀,墀,chi,0,0
郗,郗,chi,0,0
褫,褫,chi,0,0
搋,搋,chi,0,0
螭,螭,chi,0,0
眙,眙,chi,0,0
茬,茬,chi,0,0
敕,敕,chi,0,0
魑,魑,chi,0,0
坻,坻,chi,0,0
啻,啻,chi,0,0
媸,媸,chi,0,0
眵,眵,chi,0,0
叱,叱,chi,0,0
篪,篪,chi,0,0
哧,哧,chi,0,0
踅,踅,chi,0,0
泜,泜,chi,0,0
瘛,瘛,chi,0,0
茌,茌,chi,0,0
踟,踟,chi,0,0
彳,彳,chi,0,0
崇,崇,chong,2,0
充,充,chong,2,0
憧,憧,chong,2,0
虫,虫,chong,1,0
忡,忡,chong,0,0
舂,舂,chong,0,0
愁,愁,chou,2,0
仇,仇,chou,2,0
稠,稠,chou,2,0
酬,酬,chou,2,0
丑,丑,chou,2,0
臭,臭,chou,2,0
抽,抽,chou,2,0
惆,惆,chou,0,0
瘳,瘳,chou,0,0
簉,簉,chou,0,0
杻,杻,chou,0,0
犨,犨,chou,0,0
瞅,瞅,chou,0,0
除,除,chu,2,0
初,初,chu,2,0
楚,楚,chu,2,0
出,出,chu,2,0
矗,矗,chu,2,0
畜,畜,chu,2,0
亍,亍,chu,0,0
俶,俶,chu,0,0
褚,褚,chu,0,0
黜,黜,chu,0,0
蜍,蜍,chu,0,0
怵,怵,chu,0,0
杵,杵,chu,0,0
楮,楮,chu,0,0
躇,躇,chu,0,0
憷,憷,chu,0,0
樗,樗,chu,0,0
滁,滁,chu,0,0
搐,搐,chu,0,0
揣,揣,chuai,1,0
踹,踹,chuai,0,0
川,川,chuan,2,0
船,船,chuan,2,0
串,串,chuan,2,0
喘,喘,chuan,2,0
穿,穿,chuan,2,0
椽,椽,chuan,0,0
遄,遄,chuan,0,0
氚,氚,chuan,0,0
舛,舛,chuan,0,0
窗,窗,chuang,2,0
幢,幢,chuang,2,0
床,床,chuang,1,0
橦,橦,chuang,0,0
吹,吹,chui,2,0
垂,垂,chui,2,0
炊,炊,chui,1,0
捶,捶,chui,1,0
陲,陲,chui,0,0
棰,棰,chui,0,0
槌,槌,chui,0,0
春,春,chun,2,0
醇,醇,chun,2,0
蠢,蠢,chun,2,0
淳,淳,chun,1,0
唇,唇,chun,0,0
椿,椿,chun,0,0
戳,戳,chuo,1,0
啜,啜,chuo,0,0
刺,刺,ci,2,0
此,此,ci,2,0
慈,慈,ci,2,0
次,次,ci,2,0
磁,磁,ci,2,0
瓷,瓷,ci,2,0
雌,雌,ci,2,0
祠,祠,ci,1,0
糍,糍,ci,0,0
趑,趑,ci,0,0
疵,疵,ci,0,0
跐,跐,ci,0,0
茨,茨,ci,0,0
泚,泚,ci,0,0
囱,囱,cong,2,0
匆,匆,cong,2,0
葱,葱,cong,2,0
璁,璁,cong,0,0
琮,琮,cong,0,0
淙,淙,cong,0,0
腠,腠,cou,0,0
醋,醋,cu,2,0
粗,粗,cu,2,0
促,促,cu,2,0
簇,簇,cu,2,0
蔟,蔟,cu,0,0
槭,槭,cu,0,0
殂,殂,cu,0,0
蹴,蹴,cu,0,0
猝,猝,cu,0,0
蹙,蹙,cu,0,0
徂,徂,cu,0,0
篡,篡,cuan,1,0
爨,爨,cuan,0,0
汆,汆,cuan,0,0
摧,摧,cui,2,0
悴,悴,cui,2,0
脆,脆,cui,2,0
翠,翠,cui,2,0
粹,粹,cui,2,0
催,催,cui,2,0
崔,崔,cui,1,0
啐,啐,cui,0,0
毳,毳,cui,0,0
萃,萃,cui,0,0
淬,淬,cui,0,0
瘁,瘁,cui,0,0
璀,璀,cui,0,0
村,村,cun,2,0
寸,寸,cun,2,0
存,存,cun,2,0
忖,忖,cun,0,0
皴,皴,cun,0,0
挫,挫,cuo,2,0
措,措,cuo,2,0
搓,搓,cuo,2,0
磋,磋,cuo,2,0
撮,撮,cuo,1,0
脞,脞,cuo,0,0
蹉,蹉,cuo,0,0
厝,厝,cuo,0,0
矬,矬,cuo,0,0
嵯,嵯,cuo,0,0
痤,痤,cuo,0,0
搭,搭,da,2,0
打,打,da,2,0
答,答,da,2,0
大,大,da,2,0
瘩,瘩,da,1,0
耷,耷,da,0,0
靼,靼,da,0,0
笪,笪,da,0,0
炟,炟,da,0,0
妲,妲,da,0,0
褡,褡,da,0,0
怛,怛,da,0,0
代,代,dai,2,0
逮,逮,dai,2,0
呆,呆,dai,2,0
歹,歹,dai,2,0
戴,戴,dai,2,0
袋,袋,dai,2,0
殆,殆,dai,2,0
怠,怠,dai,2,0
待,待,dai,2,0
迨,迨,dai,0,0
岱,岱,dai,0,0
甙,甙,dai,0,0
傣,傣,dai,0,0
玳,玳,dai,0,0
呔,呔,dai,0,0
埭,埭,dai,0,0
黛,黛,dai,0,0
耽,耽,dan,2,0
旦,旦,dan,2,0
淡,淡,dan,2,0
蛋,蛋,dan,2,0
但,但,dan,2,0
丹,丹,dan,2,0
氮,氮,dan,1,0
眈,眈,dan,0,0
啖,啖,dan,0,0
疍,疍,dan,0,0
亶,亶,dan,0,0
疸,疸,dan,0,0
澹,澹,dan,0,0
聃,聃,dan,0,0
萏,萏,dan,0,0
儋,儋,dan,0,0
菪,菪,dang,0,0
宕,宕,dang,0,0
刀,刀,dao,2,0
到,到,dao,2,0
倒,倒,dao,2,0
悼,悼,dao,2,0
道,道,dao,2,0
蹈,蹈,dao,2,0
稻,稻,dao,2,0
捯,捯,dao,0,0
忉,忉,dao,0,0
氘,氘,dao,0,0
纛,纛,dao,0,0
的,的,de,2,0
得,得,de,2,0
德,德,de,2,0
嘚,嘚,de,0,0
登,登,deng,2,0
等,等,deng,2,0
瞪,瞪,deng,2,0
凳,凳,deng,2,0
蹬,蹬,deng,1,0
簦,簦,deng,0,0
嶝,嶝,deng,0,0
磴,磴,deng,0,0
戥,戥,deng,0,0
噔,噔,deng,0,0
笛,笛,di,2,0
堤,堤,di,2,0
迪,迪,di,2,0
抵,抵,di,2,0
滴,滴,di,2,0
地,地,di,2,0
低,低,di,2,0
第,第,di,2,0
帝,帝,di,2,0
弟,弟,di,2,0
底,底,di,2,0
嫡,嫡,di,1,0
嘀,嘀,di,1,0
蒂,蒂,di,1,0
踶,踶,di,0,0
柢,柢,di,0,0
菂,菂,di,0,0
羝,羝,di,0,0
邸,邸,di,0,0
荻,荻,di,0,0
骶,骶,di,0,0
蹢,蹢,di,0,0
砥,砥,di,0,0
碲,碲,di,0,0
翟,翟,di,0,0
娣,娣,di,0,0
睇,睇,di,0,0
狄,狄,di,0,0
棣,棣,di,0,0
氐,氐,di,0,0
嗲,嗲,dia,0,0
殿,殿,dian,2,0
惦,惦,dian,2,0
店,店,dian,2,0
典,典,dian,2,0
甸,甸,dian,1,0
碘,碘,dian,1,0
佃,佃,dian,1,0
玷,玷,dian,1,0
奠,奠,dian,1,0
坫,坫,dian,0,0
靛,靛,dian,0,0
阽,阽,dian,0,0
掂,掂,dian,0,0
踮,踮,dian,0,0
滇,滇,dian,0,0
簟,簟,dian,0,0
癜,癜,dian,0,0
凋,凋,diao,2,0
雕,雕,diao,2,0
吊,吊,diao,2,0
叼,叼,diao,2,0
掉,掉,diao,2,0
碉,碉,diao,1,0
刁,刁,diao,1,0
莜,莜,diao,0,0
貂,貂,diao,0,0
汈,汈,diao,0,0
蝶,蝶,die,2,0
跌,跌,die,2,0
碟,碟,die,2,0
爹,爹,die,1,0
喋,喋,die,0,0
迭,迭,die,0,0
蹀,蹀,die,0,0
瓞,瓞,die,0,0
垤,垤,die,0,0
耋,耋,die,0,0
牒,牒,die,0,0
堞,堞,die,0,0
叮,叮,ding,2,0
定,定,ding,2,0
盯,盯,ding,2,0
丁,丁,ding,2,0
鼎,鼎,ding,2,0
仃,仃,ding,0,0
腚,腚,ding,0,0
疔,疔,ding,0,0
啶,啶,ding,0,0
碇,碇,ding,0,0
酊,酊,ding,0,0
玎,玎,ding,0,0
咚,咚,dong,2,0
懂,懂,dong,2,0
冬,冬,dong,2,0
董,董,dong,2,0
洞,洞,dong,2,0
垌,垌,dong,0,0
氡,氡,dong,0,0
胴,胴,dong,0,0
痘,痘,dou,2,0
逗,逗,dou,2,0
抖,抖,dou,2,0
陡,陡,dou,2,0
豆,豆,dou,2,0
兜,兜,dou,2,0
蚪,蚪,dou,1,0
斗,斗,dou,1,0
篼,篼,dou,0,0
蔸,蔸,dou,0,0
度,度,du,2,0
妒,妒,du,2,0
堵,堵,du,2,0
睹,睹,du,2,0
督,督,du,2,0
杜,杜,du,2,0
渡,渡,du,2,0
都,都,du,2,0
肚,肚,du,2,0
毒,毒,du,2,0
髑,髑,du,0,0
蠹,蠹,du,0,0
碡,碡,du,0,0
厾,厾,du,0,0
嘟,嘟,du,0,0
短,短,duan,2,0
段,段,duan,2,0
端,端,duan,2,0
煅,煅,duan,0,0
簖,簖,duan,0,0
椴,椴,duan,0,0
堆,堆,dui,2,0
兑,兑,dui,2,0
碓,碓,dui,0,0
憝,憝,dui,0,0
盾,盾,dun,2,0
敦,敦,dun,2,0
蹲,蹲,dun,2,0
囤,囤,dun,1,0
盹,盹,dun,1,0
惇,惇,dun,0,0
遁,遁,dun,0,0
墩,墩,dun,0,0
蹾,蹾,dun,0,0
礅,礅,dun,0,0
砘,砘,dun,0,0
沌,沌,dun,0,0
朵,朵,duo,2,0
踱,踱,duo,2,0
躲,躲,duo,2,0
多,多,duo,2,0
惰,惰,duo,2,0
舵,舵,duo,2,0
跺,跺,duo,1,0
垛,垛,duo,0,0
柁,柁,duo,0,0
掇,掇,duo,0,0
哚,哚,duo,0,0
剁,剁,duo,0,0
哆,哆,duo,0,0
裰,裰,duo,0,0
剟,剟,duo,0,0
咄,咄,duo,0,0
厄,厄,e,2,0
哦,哦,e,2,0
蛾,蛾,e,1,0
愕,愕,e,1,0
噩,噩,e,1,0
扼,扼,e,1,0
俄,俄,e,1,0
遏,遏,e,1,0
娥,娥,e,0,0
婀,婀,e,0,0
屙,屙,e,0,0
莪,莪,e,0,0
萼,萼,e,0,0
硪,硪,e,0,0
呃,呃,e,0,0
腭,腭,e,0,0
胺,胺,e,0,0
峨,峨,e,0,0
鄂,鄂,e,0,0
苊,苊,e,0,0
嗯,嗯,en,2,0
恩,恩,en,2,0
摁,摁,en,0,0
蒽,蒽,en,0,0
耳,耳,er,2,0
而,而,er,2,0
二,二,er,2,0
佴,佴,er,0,0
洱,洱,er,0,0
珥,珥,er,0,0
伐,伐,fa,2,0
法,法,fa,2,0
乏,乏,fa,2,0
筏,筏,fa,1,0
砝,砝,fa,0,0
垡,垡,fa,0,0
泛,泛,fan,2,0
繁,繁,fan,2,0
反,反,fan,2,0
返,返,fan,2,0
帆,帆,fan,2,0
凡,凡,fan,2,0
翻,翻,fan,2,0
番,番,fan,2,0
犯,犯,fan,2,0
范,范,fan,1,0
樊,樊,fan,1,0
蕃,蕃,fan,0,0
墦,墦,fan,0,0
藩,藩,fan,0,0
蘩,蘩,fan,0,0
梵,梵,fan,0,0
璠,璠,fan,0,0
蹯,蹯,fan,0,0
幡,幡,fan,0,0
燔,燔,fan,0,0
畈,畈,fan,0,0
方,方,fang,2,0
防,防,fang,2,0
仿,仿,fang,2,0
房,房,fang,2,0
放,放,fang,2,0
妨,妨,fang,2,0
坊,坊,fang,2,0
芳,芳,fang,2,0
肪,肪,fang,2,0
昉,昉,fang,0,0
邡,邡,fang,0,0
舫,舫,fang,0,0
枋,枋,fang,0,0
吠,吠,fei,2,0
非,非,fei,2,0
沸,沸,fei,2,0
肥,肥,fei,2,0
妃,妃,fei,2,0
匪,匪,fei,2,0
翡,翡,fei,2,0
菲,菲,fei,2,0
肺,肺,fei,2,0
啡,啡,fei,2,0
霏,霏,fei,0,0
腓,腓,fei,0,0
痱,痱,fei,0,0
狒,狒,fei,0,0
扉,扉,fei,0,0
篚,篚,fei,0,0
蜚,蜚,fei,0,0
芾,芾,fei,0,0
悱,悱,fei,0,0
淝,淝,fei,0,0
榧,榧,fei,0,0
剕,剕,fei,0,0
斐,斐,fei,0,0
粉,粉,fen,2,0
分,分,fen,2,0
吩,吩,fen,2,0
份,份,fen,2,0
忿,忿,fen,2,0
氛,氛,fen,2,0
芬,芬,fen,2,0
焚,焚,fen,2,0
瀵,瀵,fen,0,0
汾,汾,fen,0,0
棼,棼,fen,0,0
酚,酚,fen,0,0
鼢,鼢,fen,0,0
棻,棻,fen,0,0
封,封,feng,2,0
蜂,蜂,feng,2,0
逢,逢,feng,2,0
奉,奉,feng,2,0
峰,峰,feng,1,0
俸,俸,feng,0,0
酆,酆,feng,0,0
唪,唪,feng,0,0
丰,丰,feng,0,0
葑,葑,feng,0,0
烽,烽,feng,0,0
佛,佛,fo,2,0
否,否,fou,2,0
缶,缶,fou,0,0
浮,浮,fu,2,0
服,服,fu,2,0
孵,孵,fu,2,0
伏,伏,fu,2,0
俘,俘,fu,2,0
福,福,fu,2,0
府,府,fu,2,0
副,副,fu,2,0
腐,腐,fu,2,0
咐,咐,fu,2,0
赴,赴,fu,2,0
附,附,fu,2,0
付,付,fu,2,0
富,富,fu,2,0
斧,斧,fu,2,0
俯,俯,fu,2,0
幅,幅,fu,2,0
腹,腹,fu,2,0
蝠,蝠,fu,2,0
扶,扶,fu,2,0
符,符,fu,2,0
父,父,fu,2,0
覆,覆,fu,2,0
夫,夫,fu,2,0
傅,傅,fu,2,0
敷,敷,fu,2,0
袱,袱,fu,2,0
甫,甫,fu,1,0
脯,脯,fu,1,0
拂,拂,fu,1,0
芙,芙,fu,1,0
馥,馥,fu,0,0
怫,怫,fu,0,0
蚨,蚨,fu,0,0
腑,腑,fu,0,0
釜,釜,fu,0,0
涪,涪,fu,0,0
孚,孚,fu,0,0
趺,趺,fu,0,0
艴,艴,fu,0,0
桴,桴,fu,0,0
阜,阜,fu,0,0
黼,黼,fu,0,0
幞,幞,fu,0,0
匐,匐,fu,0,0
弗,弗,fu,0,0
跗,跗,fu,0,0
簠,簠,fu,0,0
莩,莩,fu,0,0
茀,茀,fu,0,0
呋,呋,fu,0,0
洑,洑,fu,0,0
拊,拊,fu,0,0
罘,罘,fu,0,0
莆,莆,fu,0,0
祓,祓,fu,0,0
茯,茯,fu,0,0
滏,滏,fu,0,0
苻,苻,fu,0,0
菔,菔,fu,0,0
黻,黻,fu,0,0
稃,稃,fu,0,0
氟,氟,fu,0,0
蜉,蜉,fu,0,0
蝮,蝮,fu,0,0
郛,郛,fu,0,0
嘎,嘎,ga,0,0
尜,尜,ga,0,0
尕,尕,ga,0,0
尬,尬,ga,0,0
溉,溉,gai,2,0
改,改,gai,2,0
概,概,gai,2,0
丐,丐,gai,2,0
垓,垓,gai,0,0
陔,陔,gai,0,0
敢,敢,gan,2,0
橄,橄,gan,2,0
竿,竿,gan,2,0
感,感,gan,2,0
甘,甘,gan,2,0
杆,杆,gan,2,0
干,干,gan,2,0
乾,乾,gan,2,0
肝,肝,gan,1,0
柑,柑,gan,1,0
疳,疳,gan,0,0
旰,旰,gan,0,0
淦,淦,gan,0,0
澉,澉,gan,0,0
玕,玕,gan,0,0
擀,擀,gan,0,0
泔,泔,gan,0,0
坩,坩,gan,0,0
苷,苷,gan,0,0
矸,矸,gan,0,0
肛,肛,gang,2,0
港,港,gang,2,0
缸,缸,gang,2,0
筻,筻,gang,0,0
罡,罡,gang,0,0
膏,膏,gao,2,0
糕,糕,gao,2,0
稿,稿,gao,2,0
告,告,gao,2,0
高,高,gao,2,0
搞,搞,gao,2,0
羔,羔,gao,2,0
篙,篙,gao,1,0
藁,藁,gao,0,0
槔,槔,gao,0,0
杲,杲,gao,0,0
郜,郜,gao,0,0
槁,槁,gao,0,0
皋,皋,gao,0,0
割,割,ge,2,0
葛,葛,ge,2,0
革,革,ge,2,0
格,格,ge,2,0
戈,戈,ge,2,0
胳,胳,ge,2,0
歌,歌,ge,2,0
哥,哥,ge,2,0
骼,骼,ge,2,0
隔,隔,ge,2,0
各,各,ge,2,0
疙,疙,ge,1,0
噶,噶,ge,0,0
咯,咯,ge,0,0
塥,塥,ge,0,0
嗝,嗝,ge,0,0
舸,舸,ge,0,0
牁,牁,ge,0,0
虼,虼,ge,0,0
膈,膈,ge,0,0
圪,圪,ge,0,0
哿,哿,ge,0,0
跟,跟,gen,2,0
根,根,gen,2,0
艮,艮,gen,0,0
茛,茛,gen,0,0
更,更,geng,2,0
耕,耕,geng,2,0
羹,羹,geng,2,0
耿,耿,geng,1,0
梗,梗,geng,1,0
埂,埂,geng,1,0
哽,哽,geng,0,0
庚,庚,geng,0,0
粳,粳,geng,0,0
工,工,gong,2,0
供,供,gong,2,0
共,共,gong,2,0
攻,攻,gong,2,0
躬,躬,gong,2,0
蚣,蚣,gong,2,0
恭,恭,gong,2,0
功,功,gong,2,0
公,公,gong,2,0
拱,拱,gong,2,0
弓,弓,gong,2,0
汞,汞,gong,1,0
珙,珙,gong,0,0
觥,觥,gong,0,0
肱,肱,gong,0,0
垢,垢,gou,2,0
勾,勾,gou,2,0
苟,苟,gou,2,0
狗,狗,gou,2,0
岣,岣,gou,0,0
骺,骺,gou,0,0
鞲,鞲,gou,0,0
媾,媾,gou,0,0
彀,彀,gou,0,0
笱,笱,gou,0,0
遘,遘,gou,0,0
篝,篝,gou,0,0
谷,谷,gu,2,0
辜,辜,gu,2,0
股,股,gu,2,0
姑,姑,gu,2,0
鼓,鼓,gu,2,0
固,固,gu,2,0
孤,孤,gu,2,0
古,古,gu,2,0
故,故,gu,2,0
估,估,gu,2,0
骨,骨,gu,2,0
咕,咕,gu,1,0
雇,雇,gu,1,0
菇,菇,gu,1,0
沽,沽,gu,1,0
罟,罟,gu,0,0
梏,梏,gu,0,0
蓇,蓇,gu,0,0
蛄,蛄,gu,0,0
牯,牯,gu,0,0
臌,臌,gu,0,0
菰,菰,gu,0,0
崮,崮,gu,0,0
汩,汩,gu,0,0
榖,榖,gu,0,0
痼,痼,gu,0,0
觚,觚,gu,0,0
嘏,嘏,gu,0,0
酤,酤,gu,0,0
呱,呱,gu,0,0
瞽,瞽,gu,0,0
箍,箍,gu,0,0
堌,堌,gu,0,0
瓜,瓜,gua,2,0
刮,刮,gua,2,0
卦,卦,gua,2,0
寡,寡,gua,2,0
褂,褂,gua,1,0
栝,栝,gua,0,0
聒,聒,gua,0,0
胍,胍,gua,0,0
挂,挂,gua,0,0
拐,拐,guai,2,0
乖,乖,guai,2,0
怪,怪,guai,2,0
夬,夬,guai,0,0
冠,冠,guan,2,0
管,管,guan,2,0
官,官,guan,2,0
灌,灌,guan,2,0
罐,罐,guan,2,0
棺,棺,guan,1,0
倌,倌,guan,0,0
琯,琯,guan,0,0
涫,涫,guan,0,0
脘,脘,guan,0,0
瓘,瓘,guan,0,0
莞,莞,guan,0,0
祼,祼,guan,0,0
盥,盥,guan,0,0
逛,逛,guang,2,0
光,光,guang,2,0
胱,胱,guang,0,0
咣,咣,guang,0,0
桄,桄,guang,0,0
跪,跪,gui,2,0
瑰,瑰,gui,2,0
鬼,鬼,gui,2,0
桂,桂,gui,2,0
傀,傀,gui,1,0
晷,晷,gui,0,0
炔,炔,gui,0,0
姽,姽,gui,0,0
簋,簋,gui,0,0
皈,皈,gui,0,0
庋,庋,gui,0,0
邽,邽,gui,0,0
圭,圭,gui,0,0
硅,硅,gui,0,0
癸,癸,gui,0,0
鬹,鬹,gui,0,0
宄,宄,gui,0,0
棍,棍,gun,2,0
磙,磙,gun,0,0
果,果,guo,2,0
裹,裹,guo,2,0
郭,郭,guo,1,0
虢,虢,guo,0,0
蜾,蜾,guo,0,0
猓,猓,guo,0,0
崞,崞,guo,0,0
馘,馘,guo,0,0
哈,哈,ha,2,0
蛤,蛤,ha,1,0
骸,骸,hai,2,0
海,海,hai,2,0
孩,孩,hai,2,0
害,害,hai,2,0
亥,亥,hai,1,0
氦,氦,hai,0,0
胲,胲,hai,0,0
醢,醢,hai,0,0
嗨,嗨,hai,0,0
酣,酣,han,2,0
汗,汗,han,2,0
寒,寒,han,2,0
涵,涵,han,2,0
撼,撼,han,2,0
含,含,han,2,0
鼾,鼾,han,2,0
喊,喊,han,2,0
函,函,han,2,0
旱,旱,han,2,0
憾,憾,han,2,0
焊,焊,han,1,0
翰,翰,han,1,0
捍,捍,han,1,0
悍,悍,han,1,0
罕,罕,han,1,0
焓,焓,han,0,0
蚶,蚶,han,0,0
憨,憨,han,0,0
邯,邯,han,0,0
邗,邗,han,0,0
晗,晗,han,0,0
菡,菡,han,0,0
瀚,瀚,han,0,0
航,航,hang,2,0
吭,吭,hang,1,0
杭,杭,hang,1,0
夯,夯,hang,0,0
酐,酐,hang,0,0
沆,沆,hang,0,0
浩,浩,hao,2,0
好,好,hao,2,0
豪,豪,hao,2,0
毫,毫,hao,2,0
耗,耗,hao,2,0
蒿,蒿,hao,1,0
嚎,嚎,hao,1,0
壕,壕,hao,1,0
淏,淏,hao,0,0
嗥,嗥,hao,0,0
濠,濠,hao,0,0
昊,昊,hao,0,0
皓,皓,hao,0,0
郝,郝,hao,0,0
薅,薅,hao,0,0
嚆,嚆,hao,0,0
呵,呵,he,2,0
盒,盒,he,2,0
核,核,he,2,0
河,河,he,2,0
荷,荷,he,2,0
喝,喝,he,2,0
何,何,he,2,0
合,合,he,2,0
和,和,he,2,0
禾,禾,he,2,0
褐,褐,he,1,0
赫,赫,he,1,0
劾,劾,he,0,0
涸,涸,he,0,0
翯,翯,he,0,0
蚵,蚵,he,0,0
鞨,鞨,he,0,0
耠,耠,he,0,0
壑,壑,he,0,0
貉,貉,he,0,0
曷,曷,he,0,0
翮,翮,he,0,0
盍,盍,he,0,0
嗬,嗬,he,0,0
菏,菏,he,0,0
盉,盉,he,0,0
嘿,嘿,hei,2,0
黑,黑,hei,2,0
痕,痕,hen,2,0
恨,恨,hen,2,0
很,很,hen,2,0
狠,狠,hen,2,0
哏,哏,hen,0,0
亨,亨,heng,2,0
衡,衡,heng,2,0
哼,哼,heng,2,0
珩,珩,heng,0,0
桁,桁,heng,0,0
蘅,蘅,heng,0,0
恒,恒,heng,0,0
弘,弘,hong,2,0
宏,宏,hong,2,0
烘,烘,hong,2,0
虹,虹,hong,2,0
洪,洪,hong,2,0
哄,哄,hong,2,0
蕻,蕻,hong,0,0
竑,竑,hong,0,0
薨,薨,hong,0,0
泓,泓,hong,0,0
葓,葓,hong,0,0
訇,訇,hong,0,0
后,后,hou,2,0
喉,喉,hou,2,0
厚,厚,hou,2,0
猴,猴,hou,2,0
吼,吼,hou,2,0
侯,侯,hou,2,0
候,候,hou,2,0
逅,逅,hou,0,0
齁,齁,hou,0,0
郈,郈,hou,0,0
瘊,瘊,hou,0,0
篌,篌,hou,0,0
堠,堠,hou,0,0
户,户,hu,2,0
葫,葫,hu,2,0
忽,忽,hu,2,0
弧,弧,hu,2,0
虎,虎,hu,2,0
互,互,hu,2,0
惚,惚,hu,2,0
乎,乎,hu,2,0
蝴,蝴,hu,2,0
瑚,瑚,hu,2,0
糊,糊,hu,2,0
胡,胡,hu,2,0
呼,呼,hu,2,0
狐,狐,hu,2,0
湖,湖,hu,2,0
唬,唬,hu,1,0
猢,猢,hu,0,0
怙,怙,hu,0,0
觳,觳,hu,0,0
唿,唿,hu,0,0
祜,祜,hu,0,0
笏,笏,hu,0,0
瓠,瓠,hu,0,0
醐,醐,hu,0,0
扈,扈,hu,0,0
岵,岵,hu,0,0
烀,烀,hu,0,0
戽,戽,hu,0,0
斛,斛,hu,0,0
槲,槲,hu,0,0
滹,滹,hu,0,0
琥,琥,hu,0,0
囫,囫,hu,0,0
煳,煳,hu,0,0
划,划,hua,2,0
化,化,hua,2,0
滑,滑,hua,2,0
猾,猾,hua,2,0
花,花,hua,2,0
徊,徊,huai,2,0
槐,槐,huai,1,0
坏,坏,huai,1,0
淮,淮,huai,1,0
踝,踝,huai,0,0
孬,孬,huai,0,0
耲,耲,huai,0,0
患,患,huan,2,0
幻,幻,huan,2,0
宦,宦,huan,1,0
澴,澴,huan,0,0
鬟,鬟,huan,0,0
洹,洹,huan,0,0
萑,萑,huan,0,0
垸,垸,huan,0,0
逭,逭,huan,0,0
漶,漶,huan,0,0
寰,寰,huan,0,0
桓,桓,huan,0,0
豢,豢,huan,0,0
擐,擐,huan,0,0
獾,獾,huan,0,0
煌,煌,huang,2,0
皇,皇,huang,2,0
惶,惶,huang,2,0
凰,凰,huang,2,0
恍,恍,huang,2,0
慌,慌,huang,2,0
晃,晃,huang,2,0
荒,荒,huang,2,0
蝗,蝗,huang,1,0
幌,幌,huang,1,0
遑,遑,huang,0,0
喤,喤,huang,0,0
隍,隍,huang,0,0
簧,簧,huang,0,0
蟥,蟥,huang,0,0
徨,徨,huang,0,0
潢,潢,huang,0,0
篁,篁,huang,0,0
湟,湟,huang,0,0
磺,磺,huang,0,0
璜,璜,huang,0,0
肓,肓,huang,0,0
塃,塃,huang,0,0
癀,癀,huang,0,0
慧,慧,hui,2,0
彗,彗,hui,2,0
徽,徽,hui,2,0
惠,惠,hui,2,0
回,回,hui,2,0
灰,灰,hui,2,0
卉,卉,hui,2,0
悔,悔,hui,2,0
恢,恢,hui,2,0
晦,晦,hui,1,0
蛔,蛔,hui,1,0
茴,茴,hui,1,0
隳,隳,hui,0,0
喙,喙,hui,0,0
蟪,蟪,hui,0,0
蝰,蝰,hui,0,0
恚,恚,hui,0,0
咴,咴,hui,0,0
麾,麾,hui,0,0
蕙,蕙,hui,0,0
洄,洄,hui,0,0
虺,虺,hui,0,0
混,混,hun,2,0
婚,婚,hun,2,0
魂,魂,hun,2,0
昏,昏,hun,2,0
溷,溷,hun,0,0
火,火,huo,2,0
惑,惑,huo,2,0
夥,夥,huo,2,0
伙,伙,huo,2,0
或,或,huo,2,0
活,活,huo,2,0
霍,霍,huo,2,0
豁,豁,huo,1,0
嚯,嚯,huo,0,0
劐,劐,huo,0,0
砉,砉,huo,0,0
藿,藿,huo,0,0
蠖,蠖,huo,0,0
攉,攉,huo,0,0
嚄,嚄,huo,0,0
祭,祭,ji,2,0
己,己,ji,2,0
寂,寂,ji,2,0
畸,畸,ji,2,0
既,既,ji,2,0
忌,忌,ji,2,0
集,集,ji,2,0
技,技,ji,2,0
肌,肌,ji,2,0
寄,寄,ji,2,0
季,季,ji,2,0
即,即,ji,2,0
疾,疾,ji,2,0
脊,脊,ji,2,0
嫉,嫉,ji,2,0
稽,稽,ji,2,0
籍,籍,ji,2,0
急,急,ji,2,0
基,基,ji,2,0
圾,圾,ji,2,0
激,激,ji,2,0
吉,吉,ji,2,0
及,及,ji,2,0
唧,唧,ji,1,0
几,几,ji,1,0
冀,冀,ji,1,0
箕,箕,ji,1,0
妓,妓,ji,1,0
棘,棘,ji,1,0
嵴,嵴,ji,0,0
蕺,蕺,ji,0,0
墼,墼,ji,0,0
楫,楫,ji,0,0
亟,亟,ji,0,0
檵,檵,ji,0,0
屐,屐,ji,0,0
笈,笈,ji,0,0
跽,跽,ji,0,0
罽,罽,ji,0,0
悸,悸,ji,0,0
芨,芨,ji,0,0
穄,穄,ji,0,0
佶,佶,ji,0,0
伎,伎,ji,0,0
姞,姞,ji,0,0
咭,咭,ji,0,0
麂,麂,ji,0,0
姬,姬,ji,0,0
洎,洎,ji,0,0
戟,戟,ji,0,0
瘠,瘠,ji,0,0
岌,岌,ji,0,0
稷,稷,ji,0,0
塈,塈,ji,0,0
暨,暨,ji,0,0
戢,戢,ji,0,0
蹐,蹐,ji,0,0
汲,汲,ji,0,0
畿,畿,ji,0,0
乩,乩,ji,0,0
髻,髻,ji,0,0
嵇,嵇,ji,0,0
垍,垍,ji,0,0
伋,伋,ji,0,0
笄,笄,ji,0,0
犄,犄,ji,0,0
掎,掎,ji,0,0
殛,殛,ji,0,0
剞,剞,ji,0,0
蒺,蒺,ji,0,0
芰,芰,ji,0,0
甲,甲,jia,2,0
稼,稼,jia,2,0
家,家,jia,2,0
嫁,嫁,jia,2,0
佳,佳,jia,2,0
加,加,jia,2,0
假,假,jia,2,0
嘉,嘉,jia,2,0
架,架,jia,2,0
斝,斝,jia,0,0
胛,胛,jia,0,0
枷,枷,jia,0,0
袈,袈,jia,0,0
跏,跏,jia,0,0
珈,珈,jia,0,0
迦,迦,jia,0,0
葭,葭,jia,0,0
恝,恝,jia,0,0
岬,岬,jia,0,0
笳,笳,jia,0,0
戛,戛,jia,0,0
痂,痂,jia,0,0
建,建,jian,2,0
煎,煎,jian,2,0
毽,毽,jian,2,0
健,健,jian,2,0
箭,箭,jian,2,0
剪,剪,jian,2,0
兼,兼,jian,2,0
奸,奸,jian,2,0
件,件,jian,2,0
尖,尖,jian,2,0
肩,肩,jian,2,0
荐,荐,jian,1,0
柬,柬,jian,1,0
牮,牮,jian,0,0
趼,趼,jian,0,0
踺,踺,jian,0,0
湔,湔,jian,0,0
楗,楗,jian,0,0
謇,謇,jian,0,0
囝,囝,jian,0,0
犍,犍,jian,0,0
僭,僭,jian,0,0
翦,翦,jian,0,0
腱,腱,jian,0,0
搛,搛,jian,0,0
菅,菅,jian,0,0
蹇,蹇,jian,0,0
蒹,蒹,jian,0,0
疆,疆,jiang,2,0
江,江,jiang,2,0
匠,匠,jiang,2,0
僵,僵,jiang,2,0
降,降,jiang,2,0
姜,姜,jiang,1,0
茳,茳,jiang,0,0
豇,豇,jiang,0,0
耩,耩,jiang,0,0
膙,膙,jiang,0,0
糨,糨,jiang,0,0
洚,洚,jiang,0,0
礓,礓,jiang,0,0
犟,犟,jiang,0,0
襁,襁,jiang,0,0
皎,皎,jiao,2,0
叫,叫,jiao,2,0
角,角,jiao,2,0
教,教,jiao,2,0
狡,狡,jiao,2,0
郊,郊,jiao,2,0
交,交,jiao,2,0
嚼,嚼,jiao,2,0
焦,焦,jiao,2,0
蕉,蕉,jiao,2,0
酵,酵,jiao,1,0
礁,礁,jiao,1,0
椒,椒,jiao,1,0
剿,剿,jiao,1,0
窖,窖,jiao,1,0
峧,峧,jiao,0,0
徼,徼,jiao,0,0
噍,噍,jiao,0,0
湫,湫,jiao,0,0
蛟,蛟,jiao,0,0
姣,姣,jiao,0,0
敫,敫,jiao,0,0
茭,茭,jiao,0,0
佼,佼,jiao,0,0
跤,跤,jiao,0,0
僬,僬,jiao,0,0
醮,醮,jiao,0,0
滘,滘,jiao,0,0
戒,戒,jie,2,0
借,借,jie,2,0
皆,皆,jie,2,0
姐,姐,jie,2,0
街,街,jie,2,0
藉,藉,jie,2,0
截,截,jie,2,0
劫,劫,jie,2,0
解,解,jie,2,0
接,接,jie,2,0
桔,桔,jie,2,0
竭,竭,jie,2,0
介,介,jie,2,0
界,界,jie,2,0
揭,揭,jie,2,0
捷,捷,jie,2,0
杰,杰,jie,1,0
芥,芥,jie,1,0
睫,睫,jie,0,0
拮,拮,jie,0,0
湝,湝,jie,0,0
婕,婕,jie,0,0
喈,喈,jie,0,0
葜,葜,jie,0,0
孑,孑,jie,0,0
偈,偈,jie,0,0
鎅,鎅,jie,0,0
嗟,嗟,jie,0,0
蚧,蚧,jie,0,0
玠,玠,jie,0,0
碣,碣,jie,0,0
桀,桀,jie,0,0
羯,羯,jie,0,0
秸,秸,jie,0,0
疥,疥,jie,0,0
金,金,jin,2,0
禁,禁,jin,2,0
浸,浸,jin,2,0
今,今,jin,2,0
近,近,jin,2,0
筋,筋,jin,2,0
襟,襟,jin,2,0
津,津,jin,2,0
巾,巾,jin,2,0
斤,斤,jin,2,0
堇,堇,jin,0,0
瑾,瑾,jin,0,0
卺,卺,jin,0,0
祲,祲,jin,0,0
殣,殣,jin,0,0
噤,噤,jin,0,0
浕,浕,jin,0,0
妗,妗,jin,0,0
槿,槿,jin,0,0
衿,衿,jin,0,0
矜,矜,jin,0,0
靳,靳,jin,0,0
敬,敬,jing,2,0
景,景,jing,2,0
京,京,jing,2,0
晶,晶,jing,2,0
憬,憬,jing,2,0
阱,阱,jing,2,0
竟,竟,jing,2,0
警,警,jing,2,0
睛,睛,jing,2,0
井,井,jing,2,0
精,精,jing,2,0
境,境,jing,2,0
靖,靖,jing,1,0
兢,兢,jing,1,0
璟,璟,jing,0,0
鼱,鼱,jing,0,0
獍,獍,jing,0,0
猄,猄,jing,0,0
箐,箐,jing,0,0
肼,肼,jing,0,0
菁,菁,jing,0,0
旌,旌,jing,0,0
儆,儆,jing,0,0
腈,腈,jing,0,0
婧,婧,jing,0,0
倞,倞,jing,0,0
窘,窘,jiong,1,0
炯,炯,jiong,0,0
垧,垧,jiong,0,0
扃,扃,jiong,0,0
炅,炅,jiong,0,0
迥,迥,jiong,0,0
舅,舅,jiu,2,0
赳,赳,jiu,2,0
灸,灸,jiu,2,0
酒,酒,jiu,2,0
究,究,jiu,2,0
救,救,jiu,2,0
九,九,jiu,2,0
就,就,jiu,2,0
玖,玖,jiu,2,0
久,久,jiu,2,0
臼,臼,jiu,1,0
揪,揪,jiu,1,0
韭,韭,jiu,1,0
疚,疚,jiu,1,0
僦,僦,jiu,0,0
啾,啾,jiu,0,0
柩,柩,jiu,0,0
鬏,鬏,jiu,0,0
桕,桕,jiu,0,0
咎,咎,jiu,0,0
居,居,ju,2,0
拘,拘,ju,2,0
局,局,ju,2,0
具,具,ju,2,0
俱,俱,ju,2,0
聚,聚,ju,2,0
句,句,ju,2,0
咀,咀,ju,2,0
拒,拒,ju,2,0
矩,矩,ju,2,0
鞠,鞠,ju,2,0
巨,巨,ju,2,0
菊,菊,ju,2,0
炬,炬,ju,2,0
距,距,ju,2,0
橘,橘,ju,1,0
沮,沮,ju,1,0
腒,腒,ju,0,0
琚,琚,ju,0,0
趄,趄,ju,0,0
犋,犋,ju,0,0
据,据,ju,0,0
焗,焗,ju,0,0
遽,遽,ju,0,0
醵,醵,ju,0,0
椐,椐,ju,0,0
狙,狙,ju,0,0
鞫,鞫,ju,0,0
裾,裾,ju,0,0
倨,倨,ju,0,0
踽,踽,ju,0,0
枸,枸,ju,0,0
蒟,蒟,ju,0,0
瞿,瞿,ju,0,0
疽,疽,ju,0,0
雎,雎,ju,0,0
苣,苣,ju,0,0
泃,泃,ju,0,0
莒,莒,ju,0,0
掬,掬,ju,0,0
苴,苴,ju,0,0
菹,菹,ju,0,0
踞,踞,ju,0,0
倦,倦,juan,2,0
捐,捐,juan,2,0
卷,卷,juan,2,0
眷,眷,juan,1,0
桊,桊,juan,0,0
蠲,蠲,juan,0,0
狷,狷,juan,0,0
涓,涓,juan,0,0
娟,娟,juan,0,0
鄄,鄄,juan,0,0
倔,倔,jue,2,0
掘,掘,jue,2,0
爵,爵,jue,2,0
崛,崛,jue,2,0
獗,獗,jue,0,0
觖,觖,jue,0,0
撅,撅,jue,0,0
劂,劂,jue,0,0
蕨,蕨,jue,0,0
蹶,蹶,jue,0,0
噱,噱,jue,0,0
蠼,蠼,jue,0,0
橛,橛,jue,0,0
厥,厥,jue,0,0
爝,爝,jue,0,0
潏,潏,jue,0,0
矍,矍,jue,0,0
桷,桷,jue,0,0
玦,玦,jue,0,0
孓,孓,jue,0,0
抉,抉,jue,0,0
攫,攫,jue,0,0
菌,菌,jun,2,0
竣,竣,jun,2,0
君,君,jun,2,0
郡,郡,jun,2,0
均,均,jun,2,0
峻,峻,jun,2,0
俊,俊,jun,2,0
焌,焌,jun,0,0
浚,浚,jun,0,0
睃,睃,jun,0,0
捃,捃,jun,0,0
畯,畯,jun,0,0
麇,麇,jun,0,0
莙,莙,jun,0,0
咖,咖,ka,2,0
髂,髂,ka,0,0
喀,喀,ka,0,0
咔,咔,ka,0,0
胩,胩,ka,0,0
慨,慨,kai,2,0
揩,揩,kai,1,0
楷,楷,kai,1,0
蒈,蒈,kai,0,0
瞰,瞰,kan,2,0
看,看,kan,2,0
刊,刊,kan,2,0
堪,堪,kan,2,0
砍,砍,kan,2,0
坎,坎,kan,1,0
勘,勘,kan,1,0
戡,戡,kan,0,0
墈,墈,kan,0,0
崁,崁,kan,0,0
莰,莰,kan,0,0
侃,侃,kan,0,0
扛,扛,kang,2,0
康,康,kang,2,0
慷,慷,kang,2,0
抗,抗,kang,2,0
炕,炕,kang,1,0
糠,糠,kang,1,0
伉,伉,kang,0,0
亢,亢,kang,0,0
靠,靠,kao,2,0
烤,烤,kao,2,0
考,考,kao,2,0
拷,拷,kao,1,0
尻,尻,kao,0,0
犒,犒,kao,0,0
栲,栲,kao,0,0
渴,渴,ke,2,0
客,客,ke,2,0
克,克,ke,2,0
科,科,ke,2,0
棵,棵,ke,2,0
刻,刻,ke,2,0
苛,苛,ke,2,0
咳,咳,ke,2,0
瞌,瞌,ke,2,0
可,可,ke,2,0
蝌,蝌,ke,1,0
坷,坷,ke,1,0
磕,磕,ke,1,0
窠,窠,ke,0,0
髁,髁,ke,0,0
珂,珂,ke,0,0
柯,柯,ke,0,0
疴,疴,ke,0,0
嗑,嗑,ke,0,0
溘,溘,ke,0,0
稞,稞,ke,0,0
岢,岢,ke,0,0
恪,恪,ke,0,0
氪,氪,ke,0,0
啃,啃,ken,2,0
肯,肯,ken,2,0
裉,裉,ken,0,0
坑,坑,keng,2,0
孔,孔,kong,2,0
恐,恐,kong,2,0
空,空,kong,2,0
控,控,kong,2,0
箜,箜,kong,0,0
崆,崆,kong,0,0
倥,倥,kong,0,0
口,口,kou,2,0
扣,扣,kou,2,0
寇,寇,kou,1,0
佝,佝,kou,0,0
筘,筘,kou,0,0
蔻,蔻,kou,0,0
叩,叩,kou,0,0
哭,哭,ku,2,0
酷,酷,ku,2,0
苦,苦,ku,2,0
枯,枯,ku,2,0
窟,窟,ku,2,0
骷,骷,ku,0,0
矻,矻,ku,0,0
挎,挎,ku,0,0
刳,刳,ku,0,0
垮,垮,kua,2,0
跨,跨,kua,2,0
夸,夸,kua,1,0
胯,胯,kua,0,0
侉,侉,kua,0,0
快,快,kuai,2,0
筷,筷,kuai,2,0
蒯,蒯,kuai,0,0
款,款,kuan,2,0
筐,筐,kuang,2,0
狂,狂,kuang,2,0
框,框,kuang,2,0
眶,眶,kuang,2,0
哐,哐,kuang,0,0
匡,匡,kuang,0,0
夼,夼,kuang,0,0
愧,愧,kui,2,0
葵,葵,kui,2,0
魁,魁,kui,1,0
盔,盔,kui,1,0
揆,揆,kui,0,0
喹,喹,kui,0,0
奎,奎,kui,0,0
悝,悝,kui,0,0
馗,馗,kui,0,0
睽,睽,kui,0,0
跬,跬,kui,0,0
暌,暌,kui,0,0
喟,喟,kui,0,0
逵,逵,kui,0,0
夔,夔,kui,0,0
昆,昆,kun,2,0
捆,捆,kun,2,0
困,困,kun,2,0
坤,坤,kun,1,0
髡,髡,kun,0,0
悃,悃,kun,0,0
琨,琨,kun,0,0
醌,醌,kun,0,0
焜,焜,kun,0,0
括,括,kuo,2,0
廓,廓,kuo,1,0
蛞,蛞,kuo,0,0
垃,垃,la,2,0
喇,喇,la,2,0
辣,辣,la,2,0
拉,拉,la,2,0
啦,啦,la,2,0
瘌,瘌,la,0,0
邋,邋,la,0,0
剌,剌,la,0,0
鞡,鞡,la,0,0
婪,婪,lan,0,0
啉,啉,lan,0,0
漤,漤,lan,0,0
螂,螂,lang,2,0
郎,郎,lang,2,0
朗,朗,lang,2,0
狼,狼,lang,2,0
廊,廊,lang,2,0
浪,浪,lang,2,0
琅,琅,lang,1,0
榔,榔,lang,1,0
烺,烺,lang,0,0
稂,稂,lang,0,0
莨,莨,lang,0,0
蒗,蒗,lang,0,0
啷,啷,lang,0,0
踉,踉,lang,0,0
佬,佬,lao,2,0
牢,牢,lao,2,0
潦,潦,lao,2,0
酪,酪,lao,2,0
老,老,lao,2,0
耢,耢,lao,0,0
醪,醪,lao,0,0
栳,栳,lao,0,0
嫪,嫪,lao,0,0
了,了,le,2,0
勒,勒,le,2,0
叻,叻,le,0,0
捋,捋,le,0,0
仂,仂,le,0,0
泐,泐,le,0,0
擂,擂,lei,2,0
蕾,蕾,lei,2,0
雷,雷,lei,2,0
累,累,lei,2,0
儡,儡,lei,1,0
肋,肋,lei,1,0
嫘,嫘,lei,0,0
羸,羸,lei,0,0
檑,檑,lei,0,0
埒,埒,lei,0,0
磊,磊,lei,0,0
嘞,嘞,lei,0,0
酹,酹,lei,0,0
礌,礌,lei,0,0
耒,耒,lei,0,0
冷,冷,leng,2,0
愣,愣,leng,2,0
楞,楞,leng,1,0
塄,塄,leng,0,0
立,立,li,2,0
黎,黎,li,2,0
例,例,li,2,0
罹,罹,li,2,0
哩,哩,li,2,0
荔,荔,li,2,0
狸,狸,li,2,0
利,利,li,2,0
璃,璃,li,2,0
俐,俐,li,2,0
力,力,li,2,0
理,理,li,2,0
里,里,li,2,0
粒,粒,li,2,0
喱,喱,li,2,0
梨,梨,li,2,0
李,李,li,2,0
吏,吏,li,1,0
漓,漓,li,1,0
犁,犁,li,1,0
痢,痢,li,1,0
厘,厘,li,1,0
莉,莉,li,1,0
栗,栗,li,1,0
澧,澧,li,0,0
藜,藜,li,0,0
傈,傈,li,0,0
蜊,蜊,li,0,0
戾,戾,li,0,0
篥,篥,li,0,0
詈,詈,li,0,0
鬲,鬲,li,0,0
笠,笠,li,0,0
俚,俚,li,0,0
蠡,蠡,li,0,0
猁,猁,li,0,0
唳,唳,li,0,0
溧,溧,li,0,0
娌,娌,li,0,0
嫠,嫠,li,0,0
黧,黧,li,0,0
醴,醴,li,0,0
廉,廉,lian,2,0
帘,帘,lian,1,0
楝,楝,lian,0,0
蠊,蠊,lian,0,0
臁,臁,lian,0,0
膦,膦,lian,0,0
濂,濂,lian,0,0
良,良,liang,2,0
亮,亮,liang,2,0
量,量,liang,2,0
粱,粱,liang,1,0
梁,梁,liang,1,0
椋,椋,liang,0,0
悢,悢,liang,0,0
晾,晾,liang,0,0
料,料,liao,2,0
聊,聊,liao,2,0
嘹,嘹,liao,2,0
瞭,瞭,liao,2,0
燎,燎,liao,1,0
寥,寥,liao,1,0
僚,僚,liao,1,0
撩,撩,liao,1,0
暸,暸,liao,0,0
撂,撂,liao,0,0
廖,廖,liao,0,0
蹽,蹽,liao,0,0
獠,獠,liao,0,0
尥,尥,liao,0,0
寮,寮,liao,0,0
蓼,蓼,liao,0,0
劣,劣,lie,2,0
烈,烈,lie,2,0
列,列,lie,2,0
裂,裂,lie,2,0
捩,捩,lie,2,0
咧,咧,lie,1,0
洌,洌,lie,0,0
鬣,鬣,lie,0,0
冽,冽,lie,0,0
趔,趔,lie,0,0
躐,躐,lie,0,0
吝,吝,lin,2,0
淋,淋,lin,2,0
林,林,lin,2,0
琳,琳,lin,2,0
磷,磷,lin,1,0
遴,遴,lin,0,0
璘,璘,lin,0,0
瞵,瞵,lin,0,0
粼,粼,lin,0,0
嶙,嶙,lin,0,0
麟,麟,lin,0,0
霖,霖,lin,0,0
陵,陵,ling,2,0
令,令,ling,2,0
伶,伶,ling,2,0
零,零,ling,2,0
菱,菱,ling,2,0
拎,拎,ling,2,0
凌,凌,ling,2,0
另,另,ling,2,0
聆,聆,ling,2,0
玲,玲,ling,1,0
翎,翎,ling,1,0
呤,呤,ling,0,0
羚,羚,ling,0,0
苓,苓,ling,0,0
柃,柃,ling,0,0
瓴,瓴,ling,0,0
泠,泠,ling,0,0
酃,酃,ling,0,0
蛉,蛉,ling,0,0
囹,囹,ling,0,0
祾,祾,ling,0,0
留,留,liu,2,0
榴,榴,liu,2,0
瘤,瘤,liu,2,0
流,流,liu,2,0
六,六,liu,2,0
柳,柳,liu,2,0
溜,溜,liu,2,0
硫,硫,liu,1,0
琉,琉,liu,1,0
鎏,鎏,liu,0,0
旒,旒,liu,0,0
遛,遛,liu,0,0
骝,骝,liu,0,0
熘,熘,liu,0,0
蹓,蹓,liu,0,0
隆,隆,long,2,0
窿,窿,long,1,0
癃,癃,long,0,0
陋,陋,lou,2,0
漏,漏,lou,2,0
剅,剅,lou,0,0
鹿,鹿,lu,2,0
露,露,lu,2,0
路,路,lu,2,0
麓,麓,lu,2,0
碌,碌,lu,2,0
簏,簏,lu,0,0
逯,逯,lu,0,0
戮,戮,lu,0,0
僇,僇,lu,0,0
璐,璐,lu,0,0
甪,甪,lu,0,0
漉,漉,lu,0,0
潞,潞,lu,0,0
卵,卵,luan,2,0
洛,洛,luo,2,0
裸,裸,luo,2,0
螺,螺,luo,2,0
落,落,luo,2,0
烙,烙,luo,1,0
摞,摞,luo,0,0
瘰,瘰,luo,0,0
雒,雒,luo,0,0
蠃,蠃,luo,0,0
硌,硌,luo,0,0
袼,袼,luo,0,0
珞,珞,luo,0,0
旅,旅,lv,2,0
履,履,lv,2,0
律,律,lv,2,0
率,率,lv,2,0
氯,氯,lv,1,0
膂,膂,lv,0,0
稆,稆,lv,0,0
掠,掠,lve,2,0
略,略,lve,2,0
嘛,嘛,ma,2,0
麻,麻,ma,2,0
蟆,蟆,ma,1,0
埋,埋,mai,2,0
霾,霾,mai,0,0
漫,漫,man,2,0
慢,慢,man,2,0
蔓,蔓,man,2,0
曼,曼,man,1,0
幔,幔,man,1,0
嫚,嫚,man,0,0
墁,墁,man,0,0
忙,忙,mang,2,0
氓,氓,mang,2,0
芒,芒,mang,2,0
盲,盲,mang,2,0
莽,莽,mang,2,0
茫,茫,mang,2,0
蟒,蟒,mang,0,0
邙,邙,mang,0,0
硭,硭,mang,0,0
漭,漭,mang,0,0
杧,杧,mang,0,0
毛,毛,mao,2,0
茅,茅,mao,2,0
茂,茂,mao,2,0
貌,貌,mao,2,0
冒,冒,mao,2,0
帽,帽,mao,2,0
矛,矛,mao,2,0
髦,髦,mao,2,0
昴,昴,mao,0,0
旄,旄,mao,0,0
泖,泖,mao,0,0
耄,耄,mao,0,0
芼,芼,mao,0,0
茆,茆,mao,0,0
眊,眊,mao,0,0
卯,卯,mao,0,0
蟊,蟊,mao,0,0
峁,峁,mao,0,0
瞀,瞀,mao,0,0
袤,袤,mao,0,0
瑁,瑁,mao,0,0
懋,懋,mao,0,0
蝥,蝥,mao,0,0
霉,霉,mei,2,0
美,美,mei,2,0
枚,枚,mei,2,0
眉,眉,mei,2,0
莓,莓,mei,2,0
媒,媒,mei,2,0
每,每,mei,2,0
妹,妹,mei,2,0
魅,魅,mei,2,0
煤,煤,mei,2,0
媚,媚,mei,2,0
梅,梅,mei,2,0
玫,玫,mei,2,0
昧,昧,mei,1,0
郿,郿,mei,0,0
浼,浼,mei,0,0
寐,寐,mei,0,0
湄,湄,mei,0,0
猸,猸,mei,0,0
嵋,嵋,mei,0,0
袂,袂,mei,0,0
酶,酶,mei,0,0
楣,楣,mei,0,0
萌,萌,meng,2,0
朦,朦,meng,2,0
蒙,蒙,meng,2,0
盟,盟,meng,2,0
檬,檬,meng,2,0
猛,猛,meng,2,0
孟,孟,meng,1,0
礞,礞,meng,0,0
獴,獴,meng,0,0
甍,甍,meng,0,0
艨,艨,meng,0,0
勐,勐,meng,0,0
瞢,瞢,meng,0,0
蜢,蜢,meng,0,0
艋,艋,meng,0,0
虻,虻,meng,0,0
懵,懵,meng,0,0
幪,幪,meng,0,0
蠓,蠓,meng,0,0
咪,咪,mi,2,0
蜜,蜜,mi,2,0
迷,迷,mi,2,0
密,密,mi,2,0
泌,泌,mi,2,0
米,米,mi,2,0
糜,糜,mi,1,0
靡,靡,mi,1,0
醾,醾,mi,0,0
蘼,蘼,mi,0,0
嘧,嘧,mi,0,0
秘,秘,mi,0,0
麋,麋,mi,0,0
洣,洣,mi,0,0
汨,汨,mi,0,0
縻,縻,mi,0,0
脒,脒,mi,0,0
醚,醚,mi,0,0
弭,弭,mi,0,0
敉,敉,mi,0,0
祢,祢,mi,0,0
宓,宓,mi,0,0
冕,冕,mian,2,0
棉,棉,mian,2,0
勉,勉,mian,2,0
免,免,mian,2,0
眠,眠,mian,2,0
面,面,mian,2,0
娩,娩,mian,1,0
沔,沔,mian,0,0
眄,眄,mian,0,0
湎,湎,mian,0,0
瞄,瞄,miao,2,0
妙,妙,miao,2,0
描,描,miao,2,0
苗,苗,miao,2,0
秒,秒,miao,2,0
渺,渺,miao,2,0
藐,藐,miao,1,0
喵,喵,miao,0,0
邈,邈,miao,0,0
眇,眇,miao,0,0
杪,杪,miao,0,0
蔑,蔑,mie,1,0
乜,乜,mie,0,0
篾,篾,mie,0,0
咩,咩,mie,0,0
民,民,min,2,0
敏,敏,min,2,0
皿,皿,min,2,0
旻,旻,min,0,0
泯,泯,min,0,0
苠,苠,min,0,0
玟,玟,min,0,0
抿,抿,min,0,0
岷,岷,min,0,0
命,命,ming,2,0
名,名,ming,2,0
明,明,ming,2,0
螟,螟,ming,1,0
冥,冥,ming,0,0
溟,溟,ming,0,0
蓂,蓂,ming,0,0
暝,暝,ming,0,0
茗,茗,ming,0,0
洺,洺,ming,0,0
瞑,瞑,ming,0,0
酩,酩,ming,0,0
墨,墨,mo,2,0
摩,摩,mo,2,0
沫,沫,mo,2,0
魔,魔,mo,2,0
抹,抹,mo,2,0
默,默,mo,2,0
莫,莫,mo,2,0
膜,膜,mo,2,0
模,模,mo,2,0
末,末,mo,2,0
寞,寞,mo,2,0
摸,摸,mo,2,0
漠,漠,mo,2,0
陌,陌,mo,2,0
磨,磨,mo,2,0
蘑,蘑,mo,2,0
茉,茉,mo,1,0
摹,摹,mo,1,0
靺,靺,mo,0,0
耱,耱,mo,0,0
嫫,嫫,mo,0,0
礳,礳,mo,0,0
瘼,瘼,mo,0,0
貊,貊,mo,0,0
貘,貘,mo,0,0
秣,秣,mo,0,0
某,某,mou,2,0
哞,哞,mou,0,0
眸,眸,mou,0,0
蛑,蛑,mou,0,0
牟,牟,mou,0,0
侔,侔,mou,0,0
鍪,鍪,mou,0,0
牧,牧,mu,2,0
姆,姆,mu,2,0
牡,牡,mu,2,0
木,木,mu,2,0
睦,睦,mu,2,0
墓,墓,mu,2,0
母,母,mu,2,0
慕,慕,mu,2,0
拇,拇,mu,2,0
姥,姥,mu,2,0
幕,幕,mu,2,0
募,募,mu,2,0
暮,暮,mu,2,0
沐,沐,mu,2,0
目,目,mu,2,0
穆,穆,mu,1,0
苜,苜,mu,0,0
毪,毪,mu,0,0
仫,仫,mu,0,0
那,那,na,2,0
哪,哪,na,2,0
拿,拿,na,2,0
捺,捺,na,0,0
衲,衲,na,0,0
肭,肭,na,0,0
耐,耐,nai,2,0
乃,乃,nai,2,0
奈,奈,nai,2,0
奶,奶,nai,2,0
萘,萘,nai,0,0
艿,艿,nai,0,0
鼐,鼐,nai,0,0
氖,氖,nai,0,0
柰,柰,nai,0,0
男,男,nan,2,0
喃,喃,nan,2,0
南,南,nan,2,0
罱,罱,nan,0,0
赧,赧,nan,0,0
楠,楠,nan,0,0
蝻,蝻,nan,0,0
腩,腩,nan,0,0
囡,囡,nan,0,0
囊,囊,nang,2,0
曩,曩,nang,0,0
攮,攮,nang,0,0
囔,囔,nang,0,0
齉,齉,nang,0,0
呶,呶,nao,0,0
硇,硇,nao,0,0
瑙,瑙,nao,0,0
猱,猱,nao,0,0
淖,淖,nao,0,0
嫩,嫩,nen,2,0
能,能,neng,2,0
逆,逆,ni,2,0
泥,泥,ni,2,0
霓,霓,ni,2,0
你,你,ni,2,0
呢,呢,ni,2,0
溺,溺,ni,2,0
尼,尼,ni,2,0
匿,匿,ni,1,0
坭,坭,ni,0,0
睨,睨,ni,0,0
猊,猊,ni,0,0
妮,妮,ni,0,0
倪,倪,ni,0,0
旎,旎,ni,0,0
怩,怩,ni,0,0
年,年,nian,2,0
黏,黏,nian,2,0
念,念,nian,2,0
碾,碾,nian,1,0
捻,捻,nian,1,0
粘,粘,nian,0,0
埝,埝,nian,0,0
廿,廿,nian,0,0
拈,拈,nian,0,0
娘,娘,niang,2,0
尿,尿,niao,2,0
脲,脲,niao,0,0
捏,捏,nie,2,0
孽,孽,nie,1,0
臬,臬,nie,0,0
涅,涅,nie,0,0
您,您,nin,2,0
凝,凝,ning,2,0
佞,佞,ning,0,0
牛,牛,niu,2,0
扭,扭,niu,2,0
妞,妞,niu,0,0
狃,狃,niu,0,0
忸,忸,niu,0,0
弄,弄,nong,2,0
耨,耨,nou,0,0
奴,奴,nu,2,0
努,努,nu,2,0
怒,怒,nu,2,0
胬,胬,nu,0,0
弩,弩,nu,0,0
孥,孥,nu,0,0
砮,砮,nu,0,0
暖,暖,nuan,2,0
糯,糯,nuo,2,0
挪,挪,nuo,2,0
懦,懦,nuo,2,0
娜,娜,nuo,1,0
搦,搦,nuo,0,0
砹,砹,nuo,0,0
女,女,nv,2,0
衄,衄,nv,0,0
恧,恧,nv,0,0
虐,虐,nve,2,0
噢,噢,o,2,0
喔,喔,o,2,0
偶,偶,ou,2,0
藕,藕,ou,1,0
眍,眍,ou,0,0
耦,耦,ou,0,0
趴,趴,pa,2,0
怕,怕,pa,2,0
爬,爬,pa,2,0
帕,帕,pa,2,0
琶,琶,pa,2,0
啪,啪,pa,2,0
筢,筢,pa,0,0
葩,葩,pa,0,0
杷,杷,pa,0,0
徘,徘,pai,2,0
湃,湃,pai,2,0
排,排,pai,2,0
拍,拍,pai,2,0
派,派,pai,2,0
牌,牌,pai,2,0
俳,俳,pai,0,0
哌,哌,pai,0,0
蒎,蒎,pai,0,0
判,判,pan,2,0
畔,畔,pan,2,0
拚,拚,pan,2,0
盼,盼,pan,2,0
攀,攀,pan,2,0
叛,叛,pan,2,0
潘,潘,pan,1,0
柈,柈,pan,0,0
泮,泮,pan,0,0
襻,襻,pan,0,0
磐,磐,pan,0,0
袢,袢,pan,0,0
蟠,蟠,pan,0,0
彷,彷,pang,2,0
旁,旁,pang,2,0
胖,胖,pang,2,0
乓,乓,pang,2,0
螃,螃,pang,1,0
滂,滂,pang,0,0
耪,耪,pang,0,0
逄,逄,pang,0,0
跑,跑,pao,2,0
泡,泡,pao,2,0
袍,袍,pao,2,0
炮,炮,pao,2,0
咆,咆,pao,1,0
匏,匏,pao,0,0
狍,狍,pao,0,0
庖,庖,pao,0,0
脬,脬,pao,0,0
配,配,pei,2,0
沛,沛,pei,2,0
佩,佩,pei,2,0
陪,陪,pei,2,0
培,培,pei,2,0
胚,胚,pei,1,0
邳,邳,pei,0,0
霈,霈,pei,0,0
呸,呸,pei,0,0
帔,帔,pei,0,0
旆,旆,pei,0,0
裴,裴,pei,0,0
醅,醅,pei,0,0
盆,盆,pen,2,0
棚,棚,peng,2,0
烹,烹,peng,2,0
澎,澎,peng,2,0
碰,碰,peng,2,0
朋,朋,peng,2,0
膨,膨,peng,2,0
捧,捧,peng,2,0
蓬,蓬,peng,2,0
砰,砰,peng,2,0
篷,篷,peng,1,0
彭,彭,peng,1,0
硼,硼,peng,1,0
蟛,蟛,peng,0,0
抨,抨,peng,0,0
堋,堋,peng,0,0
嘭,嘭,peng,0,0
甏,甏,peng,0,0
怦,怦,peng,0,0
譬,譬,pi,2,0
匹,匹,pi,2,0
琵,琵,pi,2,0
啤,啤,pi,2,0
屁,屁,pi,2,0
皮,皮,pi,2,0
批,批,pi,2,0
劈,劈,pi,2,0
披,披,pi,2,0
脾,脾,pi,2,0
疲,疲,pi,2,0
僻,僻,pi,2,0
霹,霹,pi,1,0
辟,辟,pi,1,0
仳,仳,pi,0,0
澼,澼,pi,0,0
陴,陴,pi,0,0
庀,庀,pi,0,0
濞,濞,pi,0,0
砒,砒,pi,0,0
毗,毗,pi,0,0
貔,貔,pi,0,0
苤,苤,pi,0,0
甓,甓,pi,0,0
鼙,鼙,pi,0,0
伾,伾,pi,0,0
丕,丕,pi,0,0
狉,狉,pi,0,0
痞,痞,pi,0,0
枇,枇,pi,0,0
媲,媲,pi,0,0
癖,癖,pi,0,0
圮,圮,pi,0,0
淠,淠,pi,0,0
埤,埤,pi,0,0
坯,坯,pi,0,0
蜱,蜱,pi,0,0
郫,郫,pi,0,0
噼,噼,pi,0,0
偏,偏,pian,2,0
篇,篇,pian,2,0
片,片,pian,2,0
翩,翩,pian,2,0
犏,犏,pian,0,0
蹁,蹁,pian,0,0
胼,胼,pian,0,0
漂,漂,piao,2,0
票,票,piao,2,0
瓢,瓢,piao,1,0
殍,殍,piao,0,0
剽,剽,piao,0,0
嘌,嘌,piao,0,0
嫖,嫖,piao,0,0
螵,螵,piao,0,0
摽,摽,piao,0,0
膘,膘,piao,0,0
瞟,瞟,piao,0,0
撇,撇,pie,1,0
瞥,瞥,pie,0,0
氕,氕,pie,0,0
聘,聘,pin,2,0
拼,拼,pin,2,0
品,品,pin,2,0
姘,姘,pin,0,0
牝,牝,pin,0,0
榀,榀,pin,0,0
平,平,ping,2,0
萍,萍,ping,2,0
坪,坪,ping,2,0
乒,乒,ping,2,0
屏,屏,ping,2,0
瓶,瓶,ping,2,0
枰,枰,ping,0,0
苹,苹,ping,0,0
洴,洴,ping,0,0
帡,帡,ping,0,0
俜,俜,ping,0,0
娉,娉,ping,0,0
婆,婆,po,2,0
坡,坡,po,2,0
迫,迫,po,2,0
破,破,po,2,0
魄,魄,po,2,0
朴,朴,po,1,0
珀,珀,po,0,0
粕,粕,po,0,0
皤,皤,po,0,0
鄱,鄱,po,0,0
笸,笸,po,0,0
叵,叵,po,0,0
剖,剖,pou,2,0
掊,掊,pou,0,0
瓿,瓿,pou,0,0
裒,裒,pou,0,0
抔,抔,pou,0,0
瀑,瀑,pu,2,0
曝,曝,pu,2,0
圃,圃,pu,2,0
菩,菩,pu,2,0
普,普,pu,2,0
葡,葡,pu,2,0
浦,浦,pu,1,0
蒲,蒲,pu,1,0
仆,仆,pu,1,0
濮,濮,pu,0,0
溥,溥,pu,0,0
匍,匍,pu,0,0
璞,璞,pu,0,0
噗,噗,pu,0,0
潽,潽,pu,0,0
氆,氆,pu,0,0
埔,埔,pu,0,0
蹼,蹼,pu,0,0
汽,汽,qi,2,0
砌,砌,qi,2,0
器,器,qi,2,0
乞,乞,qi,2,0
戚,戚,qi,2,0
企,企,qi,2,0
泣,泣,qi,2,0
歧,歧,qi,2,0
旗,旗,qi,2,0
欺,欺,qi,2,0
期,期,qi,2,0
崎,崎,qi,2,0
淇,淇,qi,2,0
祈,祈,qi,2,0
憩,憩,qi,2,0
七,七,qi,2,0
漆,漆,qi,2,0
奇,奇,qi,2,0
妻,妻,qi,2,0
契,契,qi,2,0
起,起,qi,2,0
其,其,qi,2,0
棋,棋,qi,2,0
畦,畦,qi,1,0
迄,迄,qi,1,0
柒,柒,qi,1,0
琪,琪,qi,0,0
萋,萋,qi,0,0
萁,萁,qi,0,0
碶,碶,qi,0,0
圻,圻,qi,0,0
岐,岐,qi,0,0
琦,琦,qi,0,0
蜞,蜞,qi,0,0
葺,葺,qi,0,0
嘁,嘁,qi,0,0
杞,杞,qi,0,0
碁,碁,qi,0,0
亓,亓,qi,0,0
屺,屺,qi,0,0
麒,麒,qi,0,0
祁,祁,qi,0,0
祺,祺,qi,0,0
芑,芑,qi,0,0
沏,沏,qi,0,0
芪,芪,qi,0,0
祇,祇,qi,0,0
綦,綦,qi,0,0
汔,汔,qi,0,0
耆,耆,qi,0,0
埼,埼,qi,0,0
棨,棨,qi,0,0
綮,綮,qi,0,0
恰,恰,qia,2,0
洽,洽,qia,2,0
卡,卡,qia,2,0
拤,拤,qia,0,0
掐,掐,qia,0,0
前,前,qian,2,0
欠,欠,qian,2,0
千,千,qian,2,0
遣,遣,qian,2,0
虔,虔,qian,2,0
歉,歉,qian,2,0
黔,黔,qian,1,0
嵌,嵌,qian,1,0
茜,茜,qian,0,0
扦,扦,qian,0,0
芊,芊,qian,0,0
慊,慊,qian,0,0
倩,倩,qian,0,0
阡,阡,qian,0,0
撖,撖,qian,0,0
肷,肷,qian,0,0
仟,仟,qian,0,0
褰,褰,qian,0,0
芡,芡,qian,0,0
岍,岍,qian,0,0
愆,愆,qian,0,0
掮,掮,qian,0,0
搴,搴,qian,0,0
腔,腔,qiang,2,0
戕,戕,qiang,0,0
蜣,蜣,qiang,0,0
爿,爿,qiang,0,0
羌,羌,qiang,0,0
峭,峭,qiao,2,0
悄,悄,qiao,2,0
巧,巧,qiao,2,0
憔,憔,qiao,2,0
敲,敲,qiao,2,0
瞧,瞧,qiao,2,0
撬,撬,qiao,1,0
俏,俏,qiao,1,0
劁,劁,qiao,0,0
鞒,鞒,qiao,0,0
橇,橇,qiao,0,0
愀,愀,qiao,0,0
樵,樵,qiao,0,0
鞘,鞘,qiao,0,0
怯,怯,qie,2,0
且,且,qie,2,0
切,切,qie,2,0
茄,茄,qie,2,0
妾,妾,qie,0,0
挈,挈,qie,0,0
伽,伽,qie,0,0
琴,琴,qin,2,0
勤,勤,qin,2,0
禽,禽,qin,2,0
擒,擒,qin,2,0
侵,侵,qin,2,0
秦,秦,qin,1,0
芹,芹,qin,1,0
沁,沁,qin,0,0
噙,噙,qin,0,0
檎,檎,qin,0,0
嗪,嗪,qin,0,0
芩,芩,qin,0,0
吣,吣,qin,0,0
衾,衾,qin,0,0
清,清,qing,2,0
晴,晴,qing,2,0
青,青,qing,2,0
擎,擎,qing,2,0
蜻,蜻,qing,2,0
情,情,qing,2,0
卿,卿,qing,1,0
罄,罄,qing,0,0
圊,圊,qing,0,0
磬,磬,qing,0,0
勍,勍,qing,0,0
檠,檠,qing,0,0
氰,氰,qing,0,0
庼,庼,qing,0,0
黥,黥,qing,0,0
蛩,蛩,qiong,0,0
銎,銎,qiong,0,0
筇,筇,qiong,0,0
穹,穹,qiong,0,0
邛,邛,qiong,0,0
芎,芎,qiong,0,0
球,球,qiu,2,0
丘,丘,qiu,2,0
求,求,qiu,2,0
秋,秋,qiu,2,0
囚,囚,qiu,2,0
酋,酋,qiu,2,0
蚯,蚯,qiu,1,0
逑,逑,qiu,0,0
楸,楸,qiu,0,0
犰,犰,qiu,0,0
邱,邱,qiu,0,0
裘,裘,qiu,0,0
蝤,蝤,qiu,0,0
艽,艽,qiu,0,0
璆,璆,qiu,0,0
俅,俅,qiu,0,0
遒,遒,qiu,0,0
糗,糗,qiu,0,0
訄,訄,qiu,0,0
鞧,鞧,qiu,0,0
泅,泅,qiu,0,0
萩,萩,qiu,0,0
娶,娶,qu,2,0
取,取,qu,2,0
曲,曲,qu,2,0
屈,屈,qu,2,0
趣,趣,qu,2,0
去,去,qu,2,0
渠,渠,qu,2,0
蛆,蛆,qu,1,0
磲,磲,qu,0,0
癯,癯,qu,0,0
劬,劬,qu,0,0
佢,佢,qu,0,0
璩,璩,qu,0,0
蛐,蛐,qu,0,0
朐,朐,qu,0,0
蘧,蘧,qu,0,0
祛,祛,qu,0,0
衢,衢,qu,0,0
氍,氍,qu,0,0
鼩,鼩,qu,0,0
袪,袪,qu,0,0
湨,湨,qu,0,0
蕖,蕖,qu,0,0
黢,黢,qu,0,0
犬,犬,quan,2,0
痊,痊,quan,2,0
全,全,quan,2,0
圈,圈,quan,2,0
拳,拳,quan,2,0
券,券,quan,2,0
泉,泉,quan,2,0
醛,醛,quan,0,0
棬,棬,quan,0,0
荃,荃,quan,0,0
蜷,蜷,quan,0,0
悛,悛,quan,0,0
筌,筌,quan,0,0
畎,畎,quan,0,0
鬈,鬈,quan,0,0
雀,雀,que,2,0
卻,卻,que,2,0
缺,缺,que,2,0
瘸,瘸,que,1,0
确,确,que,0,0
榷,榷,que,0,0
裙,裙,qun,2,0
群,群,qun,1,0
逡,逡,qun,0,0
蝽,蝽,qun,0,0
然,然,ran,2,0
燃,燃,ran,2,0
染,染,ran,2,0
蚺,蚺,ran,0,0
冉,冉,ran,0,0
苒,苒,ran,0,0
髯,髯,ran,0,0
嚷,嚷,rang,2,0
壤,壤,rang,2,0
攘,攘,rang,1,0
蘘,蘘,rang,0,0
穰,穰,rang,0,0
瓤,瓤,rang,0,0
禳,禳,rang,0,0
惹,惹,re,2,0
喏,喏,re,0,0
任,任,ren,2,0
仁,仁,ren,2,0
人,人,ren,2,0
忍,忍,ren,2,0
刃,刃,ren,1,0
壬,壬,ren,0,0
妊,妊,ren,0,0
衽,衽,ren,0,0
荏,荏,ren,0,0
稔,稔,ren,0,0
恁,恁,ren,0,0
仞,仞,ren,0,0
扔,扔,reng,2,0
仍,仍,reng,2,0
日,日,ri,2,0
榕,榕,rong,2,0
熔,熔,rong,2,0
容,容,rong,2,0
溶,溶,rong,2,0
融,融,rong,2,0
蓉,蓉,rong,1,0
茸,茸,rong,1,0
冗,冗,rong,1,0
戎,戎,rong,0,0
狨,狨,rong,0,0
瑢,瑢,rong,0,0
柔,柔,rou,2,0
揉,揉,rou,2,0
肉,肉,rou,2,0
蹂,蹂,rou,1,0
糅,糅,rou,0,0
鞣,鞣,rou,0,0
辱,辱,ru,2,0
入,入,ru,2,0
褥,褥,ru,2,0
乳,乳,ru,2,0
儒,儒,ru,2,0
如,如,ru,2,0
蠕,蠕,ru,1,0
孺,孺,ru,0,0
茹,茹,ru,0,0
蓐,蓐,ru,0,0
襦,襦,ru,0,0
濡,濡,ru,0,0
臑,臑,ru,0,0
洳,洳,ru,0,0
汝,汝,ru,0,0
溽,溽,ru,0,0
薷,薷,ru,0,0
嚅,嚅,ru,0,0
朊,朊,ruan,0,0
阮,阮,ruan,0,0
蕊,蕊,rui,2,0
瑞,瑞,rui,1,0
蚋,蚋,rui,0,0
蕤,蕤,rui,0,0
芮,芮,rui,0,0
汭,汭,rui,0,0
睿,睿,rui,0,0
枘,枘,rui,0,0
弱,弱,ruo,2,0
若,若,ruo,2,0
蒻,蒻,ruo,0,0
偌,偌,ruo,0,0
撒,撒,sa,2,0
脎,脎,sa,0,0
靸,靸,sa,0,0
趿,趿,sa,0,0
卅,卅,sa,0,0
仨,仨,sa,0,0
洒,洒,sa,0,0
塞,塞,sai,2,0
腮,腮,sai,1,0
噻,噻,sai,0,0
三,三,san,2,0
散,散,san,2,0
叁,叁,san,1,0
潵,潵,san,0,0
嗓,嗓,sang,2,0
桑,桑,sang,2,0
搡,搡,sang,0,0
磉,磉,sang,0,0
艘,艘,sao,2,0
嫂,嫂,sao,2,0
搔,搔,sao,1,0
臊,臊,sao,0,0
瘙,瘙,sao,0,0
埽,埽,sao,0,0
色,色,se,2,0
瑟,瑟,se,1,0
森,森,sen,2,0
僧,僧,seng,2,0
啥,啥,sha,2,0
沙,沙,sha,2,0
傻,傻,sha,2,0
砂,砂,sha,2,0
煞,煞,sha,2,0
霎,霎,sha,1,0
莎,莎,sha,0,0
裟,裟,sha,0,0
痧,痧,sha,0,0
唼,唼,sha,0,0
歃,歃,sha,0,0
晒,晒,shai,1,0
扇,扇,shan,2,0
珊,珊,shan,2,0
山,山,shan,2,0
擅,擅,shan,2,0
善,善,shan,2,0
膳,膳,shan,2,0
衫,衫,shan,2,0
杉,杉,shan,1,0
芟,芟,shan,0,0
疝,疝,shan,0,0
蟮,蟮,shan,0,0
汕,汕,shan,0,0
跚,跚,shan,0,0
潸,潸,shan,0,0
煽,煽,shan,0,0
鄯,鄯,shan,0,0
苫,苫,shan,0,0
嬗,嬗,shan,0,0
舢,舢,shan,0,0
上,上,shang,2,0
商,商,shang,2,0
尚,尚,shang,2,0
晌,晌,shang,1,0
墒,墒,shang,0,0
熵,熵,shang,0,0
梢,梢,shao,2,0
哨,哨,shao,2,0
少,少,shao,2,0
稍,稍,shao,2,0
捎,捎,shao,1,0
芍,芍,shao,1,0
筲,筲,shao,0,0
艄,艄,shao,0,0
潲,潲,shao,0,0
杓,杓,shao,0,0
勺,勺,shao,0,0
蛸,蛸,shao,0,0
邵,邵,shao,0,0
劭,劭,shao,0,0
韶,韶,shao,0,0
奢,奢,she,2,0
射,射,she,2,0
涉,涉,she,2,0
蛇,蛇,she,2,0
舌,舌,she,2,0
社,社,she,2,0
舍,舍,she,2,0
赦,赦,she,1,0
猞,猞,she,0,0
佘,佘,she,0,0
麝,麝,she,0,0
甚,甚,shen,2,0
深,深,shen,2,0
伸,伸,shen,2,0
神,神,shen,2,0
慎,慎,shen,2,0
申,申,shen,2,0
身,身,shen,2,0
呻,呻,shen,2,0
娠,娠,shen,0,0
胂,胂,shen,0,0
砷,砷,shen,0,0
矧,矧,shen,0,0
莘,莘,shen,0,0
哂,哂,shen,0,0
葚,葚,shen,0,0
抻,抻,shen,0,0
燊,燊,shen,0,0
蜃,蜃,shen,0,0
吲,吲,shen,0,0
甥,甥,sheng,2,0
剩,剩,sheng,2,0
生,生,sheng,2,0
笙,笙,sheng,2,0
盛,盛,sheng,2,0
省,省,sheng,2,0
升,升,sheng,2,0
牲,牲,sheng,2,0
胜,胜,sheng,0,0
嵊,嵊,sheng,0,0
眚,眚,sheng,0,0
晟,晟,sheng,0,0
示,示,shi,2,0
市,市,shi,2,0
柿,柿,shi,2,0
事,事,shi,2,0
侍,侍,shi,2,0
屎,屎,shi,2,0
石,石,shi,2,0
室,室,shi,2,0
氏,氏,shi,2,0
始,始,shi,2,0
式,式,shi,2,0
拾,拾,shi,2,0
世,世,shi,2,0
失,失,shi,2,0
士,士,shi,2,0
誓,誓,shi,2,0
史,史,shi,2,0
是,是,shi,2,0
十,十,shi,2,0
使,使,shi,2,0
逝,逝,shi,2,0
食,食,shi,2,0
嗜,嗜,shi,2,0
施,施,shi,2,0
什,什,shi,2,0
拭,拭,shi,1,0
尸,尸,shi,1,0
虱,虱,shi,1,0
恃,恃,shi,1,0
矢,矢,shi,1,0
奭,奭,shi,0,0
蓍,蓍,shi,0,0
豕,豕,shi,0,0
炻,炻,shi,0,0
噬,噬,shi,0,0
仕,仕,shi,0,0
浉,浉,shi,0,0
舐,舐,shi,0,0
鼫,鼫,shi,0,0
螫,螫,shi,0,0
筮,筮,shi,0,0
湜,湜,shi,0,0
售,售,shou,2,0
收,收,shou,2,0
手,手,shou,2,0
首,首,shou,2,0
瘦,瘦,shou,2,0
授,授,shou,2,0
受,受,shou,2,0
守,守,shou,2,0
狩,狩,shou,0,0
漱,漱,shu,2,0
署,署,shu,2,0
鼠,鼠,shu,2,0
蔬,蔬,shu,2,0
叔,叔,shu,2,0
梳,梳,shu,2,0
恕,恕,shu,2,0
束,束,shu,2,0
述,述,shu,2,0
墅,墅,shu,2,0
殊,殊,shu,2,0
熟,熟,shu,2,0
曙,曙,shu,2,0
舒,舒,shu,2,0
疏,疏,shu,2,0
暑,暑,shu,2,0
抒,抒,shu,2,0
薯,薯,shu,2,0
蜀,蜀,shu,1,0
黍,黍,shu,1,0
淑,淑,shu,1,0
庶,庶,shu,1,0
秫,秫,shu,0,0
沭,沭,shu,0,0
毹,毹,shu,0,0
姝,姝,shu,0,0
殳,殳,shu,0,0
菽,菽,shu,0,0
孰,孰,shu,0,0
戍,戍,shu,0,0
塾,塾,shu,0,0
澍,澍,shu,0,0
倏,倏,shu,0,0
耍,耍,shua,2,0
刷,刷,shua,2,0
甩,甩,shuai,2,0
摔,摔,shuai,2,0
蟀,蟀,shuai,2,0
衰,衰,shuai,2,0
涮,涮,shuan,1,0
拴,拴,shuan,1,0
栓,栓,shuan,1,0
霜,霜,shuang,2,0
爽,爽,shuang,2,0
孀,孀,shuang,0,0
睡,睡,shui,2,0
水,水,shui,2,0
税,税,shui,2,0
蜕,蜕,shui,1,0
瞬,瞬,shun,2,0
吮,吮,shun,1,0
舜,舜,shun,0,0
楯,楯,shun,0,0
槊,槊,shuo,0,0
蒴,蒴,shuo,0,0
妁,妁,shuo,0,0
朔,朔,shuo,0,0
搠,搠,shuo,0,0
四,四,si,2,0
撕,撕,si,2,0
肆,肆,si,2,0
斯,斯,si,2,0
似,似,si,2,0
思,思,si,2,0
寺,寺,si,2,0
司,司,si,2,0
死,死,si,2,0
私,私,si,2,0
嘶,嘶,si,1,0
伺,伺,si,1,0
俟,俟,si,0,0
澌,澌,si,0,0
兕,兕,si,0,0
偲,偲,si,0,0
嗣,嗣,si,0,0
巳,巳,si,0,0
涘,涘,si,0,0
祀,祀,si,0,0
汜,汜,si,0,0
耜,耜,si,0,0
姒,姒,si,0,0
泗,泗,si,0,0
笥,笥,si,0,0
松,松,song,2,0
送,送,song,2,0
宋,宋,song,1,0
竦,竦,song,0,0
淞,淞,song,0,0
悚,悚,song,0,0
嵩,嵩,song,0,0
菘,菘,song,0,0
凇,凇,song,0,0
餸,餸,song,0,0
嗽,嗽,sou,2,0
搜,搜,sou,2,0
滫,滫,sou,0,0
叟,叟,sou,0,0
瞍,瞍,sou,0,0
螋,螋,sou,0,0
溲,溲,sou,0,0
嗾,嗾,sou,0,0
嗖,嗖,sou,0,0
廋,廋,sou,0,0
溯,溯,su,2,0
宿,宿,su,2,0
俗,俗,su,2,0
粟,粟,su,2,0
塑,塑,su,2,0
速,速,su,2,0
素,素,su,2,0
酥,酥,su,1,0
蔌,蔌,su,0,0
涑,涑,su,0,0
觫,觫,su,0,0
嗉,嗉,su,0,0
簌,簌,su,0,0
蓿,蓿,su,0,0
夙,夙,su,0,0
窣,窣,su,0,0
愫,愫,su,0,0
僳,僳,su,0,0
酸,酸,suan,2,0
算,算,suan,2,0
蒜,蒜,suan,1,0
狻,狻,suan,0,0
祟,祟,sui,2,0
碎,碎,sui,2,0
髓,髓,sui,2,0
遂,遂,sui,2,0
隧,隧,sui,2,0
穗,穗,sui,2,0
眭,眭,sui,0,0
隋,隋,sui,0,0
荽,荽,sui,0,0
邃,邃,sui,0,0
濉,濉,sui,0,0
燧,燧,sui,0,0
睢,睢,sui,0,0
榫,榫,sun,0,0
飧,飧,sun,0,0
索,索,suo,2,0
所,所,suo,2,0
梭,梭,suo,2,0
唆,唆,suo,1,0
嗦,嗦,suo,1,0
挲,挲,suo,0,0
羧,羧,suo,0,0
蹜,蹜,suo,0,0
嗍,嗍,suo,0,0
娑,娑,suo,0,0
蓑,蓑,suo,0,0
桫,桫,suo,0,0
踏,踏,ta,2,0
塔,塔,ta,2,0
她,她,ta,2,0
塌,塌,ta,2,0
它,它,ta,2,0
他,他,ta,2,0
蹋,蹋,ta,1,0
榻,榻,ta,0,0
遢,遢,ta,0,0
漯,漯,ta,0,0
沓,沓,ta,0,0
溻,溻,ta,0,0
嗒,嗒,ta,0,0
台,台,tai,2,0
抬,抬,tai,2,0
苔,苔,tai,2,0
汰,汰,tai,2,0
太,太,tai,2,0
胎,胎,tai,2,0
泰,泰,tai,1,0
酞,酞,tai,0,0
炱,炱,tai,0,0
肽,肽,tai,0,0
薹,薹,tai,0,0
邰,邰,tai,0,0
跆,跆,tai,0,0
探,探,tan,2,0
毯,毯,tan,2,0
痰,痰,tan,2,0
檀,檀,tan,2,0
潭,潭,tan,2,0
坦,坦,tan,2,0
炭,炭,tan,2,0
碳,碳,tan,2,0
袒,袒,tan,1,0
覃,覃,tan,0,0
郯,郯,tan,0,0
倓,倓,tan,0,0
菼,菼,tan,0,0
忐,忐,tan,0,0
坍,坍,tan,0,0
糖,糖,tang,2,0
趟,趟,tang,2,0
淌,淌,tang,2,0
堂,堂,tang,2,0
唐,唐,tang,2,0
躺,躺,tang,2,0
倘,倘,tang,2,0
塘,塘,tang,2,0
棠,棠,tang,1,0
膛,膛,tang,1,0
搪,搪,tang,1,0
帑,帑,tang,0,0
鄌,鄌,tang,0,0
樘,樘,tang,0,0
溏,溏,tang,0,0
螗,螗,tang,0,0
羰,羰,tang,0,0
瑭,瑭,tang,0,0
嘡,嘡,tang,0,0
螳,螳,tang,0,0
耥,耥,tang,0,0
掏,掏,tao,2,0
套,套,tao,2,0
萄,萄,tao,2,0
滔,滔,tao,2,0
陶,陶,tao,2,0
淘,淘,tao,2,0
逃,逃,tao,2,0
桃,桃,tao,2,0
叨,叨,tao,1,0
饕,饕,tao,0,0
洮,洮,tao,0,0
啕,啕,tao,0,0
特,特,te,2,0
忒,忒,te,0,0
慝,慝,te,0,0
忑,忑,te,0,0
疼,疼,teng,2,0
藤,藤,teng,2,0
螣,螣,teng,0,0
滕,滕,teng,0,0
啼,啼,ti,2,0
嚏,嚏,ti,2,0
提,提,ti,2,0
踢,踢,ti,2,0
惕,惕,ti,2,0
剔,剔,ti,2,0
蹄,蹄,ti,2,0
涕,涕,ti,2,0
梯,梯,ti,2,0
剃,剃,ti,2,0
替,替,ti,2,0
醍,醍,ti,0,0
倜,倜,ti,0,0
悌,悌,ti,0,0
逖,逖,ti,0,0
体,体,ti,0,0
荑,荑,ti,0,0
天,天,tian,2,0
添,添,tian,2,0
填,填,tian,2,0
舔,舔,tian,2,0
田,田,tian,2,0
甜,甜,tian,2,0
恬,恬,tian,1,0
腆,腆,tian,0,0
忝,忝,tian,0,0
嗔,嗔,tian,0,0
湉,湉,tian,0,0
掭,掭,tian,0,0
殄,殄,tian,0,0
黇,黇,tian,0,0
畋,畋,tian,0,0
挑,挑,tiao,2,0
跳,跳,tiao,2,0
眺,眺,tiao,2,0
髫,髫,tiao,0,0
苕,苕,tiao,0,0
迢,迢,tiao,0,0
祧,祧,tiao,0,0
佻,佻,tiao,0,0
蜩,蜩,tiao,0,0
笤,笤,tiao,0,0
窕,窕,tiao,0,0
帖,帖,tie,2,0
餮,餮,tie,0,0
萜,萜,tie,0,0
庭,庭,ting,2,0
亭,亭,ting,2,0
艇,艇,ting,2,0
廷,廷,ting,2,0
停,停,ting,2,0
挺,挺,ting,2,0
蜓,蜓,ting,2,0
梃,梃,ting,0,0
莛,莛,ting,0,0
珽,珽,ting,0,0
耵,耵,ting,0,0
霆,霆,ting,0,0
汀,汀,ting,0,0
婷,婷,ting,0,0
葶,葶,ting,0,0
町,町,ting,0,0
筒,筒,tong,2,0
童,童,tong,2,0
同,同,tong,2,0
通,通,tong,2,0
桶,桶,tong,2,0
痛,痛,tong,2,0
彤,彤,tong,1,0
桐,桐,tong,1,0
瞳,瞳,tong,1,0
曈,曈,tong,0,0
峒,峒,tong,0,0
艟,艟,tong,0,0
茼,茼,tong,0,0
熥,熥,tong,0,0
捅,捅,tong,0,0
僮,僮,tong,0,0
潼,潼,tong,0,0
硐,硐,tong,0,0
恫,恫,tong,0,0
峂,峂,tong,0,0
佟,佟,tong,0,0
侗,侗,tong,0,0
砼,砼,tong,0,0
酮,酮,tong,0,0
嗵,嗵,tong,0,0
偷,偷,tou,2,0
透,透,tou,2,0
投,投,tou,2,0
骰,骰,tou,0,0
途,途,tu,2,0
突,突,tu,2,0
兔,兔,tu,2,0
屠,屠,tu,2,0
吐,吐,tu,2,0
土,土,tu,2,0
徒,徒,tu,2,0
凸,凸,tu,2,0
堍,堍,tu,0,0
菟,菟,tu,0,0
涂,涂,tu,0,0
荼,荼,tu,0,0
酴,酴,tu,0,0
芏,芏,tu,0,0
葖,葖,tu,0,0
彖,彖,tuan,0,0
疃,疃,tuan,0,0
湍,湍,tuan,0,0
推,推,tui,2,0
退,退,tui,2,0
腿,腿,tui,2,0
煺,煺,tui,0,0
豚,豚,tun,2,0
吞,吞,tun,2,0
臀,臀,tun,1,0
褪,褪,tun,1,0
屯,屯,tun,1,0
炖,炖,tun,0,0
氽,氽,tun,0,0
暾,暾,tun,0,0
拖,拖,tuo,2,0
妥,妥,tuo,2,0
唾,唾,tuo,2,0
拓,拓,tuo,2,0
脱,脱,tuo,2,0
托,托,tuo,2,0
橐,橐,tuo,0,0
砣,砣,tuo,0,0
酡,酡,tuo,0,0
陀,陀,tuo,0,0
佗,佗,tuo,0,0
鞁,鞁,tuo,0,0
柝,柝,tuo,0,0
庹,庹,tuo,0,0
跎,跎,tuo,0,0
沱,沱,tuo,0,0
坨,坨,tuo,0,0
挖,挖,wa,2,0
娃,娃,wa,2,0
哇,哇,wa,2,0
蛙,蛙,wa,2,0
瓦,瓦,wa,2,0
佤,佤,wa,0,0
歪,歪,wai,2,0
外,外,wai,2,0
碗,碗,wan,2,0
婉,婉,wan,2,0
腕,腕,wan,2,0
挽,挽,wan,2,0
玩,玩,wan,2,0
蜿,蜿,wan,2,0
完,完,wan,2,0
晚,晚,wan,2,0
惋,惋,wan,2,0
丸,丸,wan,2,0
豌,豌,wan,1,0
宛,宛,wan,1,0
畹,畹,wan,0,0
剜,剜,wan,0,0
琬,琬,wan,0,0
芄,芄,wan,0,0
烷,烷,wan,0,0
浣,浣,wan,0,0
皖,皖,wan,0,0
菀,菀,wan,0,0
忘,忘,wang,2,0
旺,旺,wang,2,0
亡,亡,wang,2,0
汪,汪,wang,2,0
王,王,wang,2,0
枉,枉,wang,2,0
往,往,wang,2,0
望,望,wang,2,0
妄,妄,wang,1,0
惘,惘,wang,0,0
罔,罔,wang,0,0
魍,魍,wang,0,0
喂,喂,wei,2,0
萎,萎,wei,2,0
危,危,wei,2,0
威,威,wei,2,0
畏,畏,wei,2,0
味,味,wei,2,0
胃,胃,wei,2,0
未,未,wei,2,0
唯,唯,wei,2,0
微,微,wei,2,0
位,位,wei,2,0
慰,慰,wei,2,0
惟,惟,wei,2,0
尾,尾,wei,2,0
蔚,蔚,wei,2,0
委,委,wei,2,0
桅,桅,wei,1,0
尉,尉,wei,1,0
魏,魏,wei,1,0
薇,薇,wei,1,0
巍,巍,wei,1,0
偎,偎,wei,1,0
隈,隈,wei,0,0
洧,洧,wei,0,0
娓,娓,wei,0,0
倭,倭,wei,0,0
渭,渭,wei,0,0
猥,猥,wei,0,0
圩,圩,wei,0,0
崴,崴,wei,0,0
葳,葳,wei,0,0
帷,帷,wei,0,0
溦,溦,wei,0,0
煨,煨,wei,0,0
隗,隗,wei,0,0
痿,痿,wei,0,0
逶,逶,wei,0,0
猬,猬,wei,0,0
嵬,嵬,wei,0,0
温,温,wen,2,0
紊,紊,wen,2,0
吻,吻,wen,2,0
蚊,蚊,wen,2,0
文,文,wen,2,0
瘟,瘟,wen,1,0
刎,刎,wen,0,0
塭,塭,wen,0,0
汶,汶,wen,0,0
雯,雯,wen,0,0
翁,翁,weng,2,0
嗡,嗡,weng,2,0
蓊,蓊,weng,0,0
滃,滃,weng,0,0
我,我,wo,2,0
沃,沃,wo,2,0
握,握,wo,2,0
卧,卧,wo,2,0
肟,肟,wo,0,0
斡,斡,wo,0,0
幄,幄,wo,0,0
渥,渥,wo,0,0
五,五,wu,2,0
侮,侮,wu,2,0
舞,舞,wu,2,0
巫,巫,wu,2,0
唔,唔,wu,2,0
勿,勿,wu,2,0
武,武,wu,2,0
屋,屋,wu,2,0
毋,毋,wu,2,0
伍,伍,wu,2,0
悟,悟,wu,2,0
污,污,wu,2,0
午,午,wu,2,0
蜈,蜈,wu,2,0
晤,晤,wu,2,0
物,物,wu,2,0
捂,捂,wu,1,0
梧,梧,wu,1,0
婺,婺,wu,0,0
戊,戊,wu,0,0
圬,圬,wu,0,0
忤,忤,wu,0,0
芴,芴,wu,0,0
焐,焐,wu,0,0
兀,兀,wu,0,0
痦,痦,wu,0,0
寤,寤,wu,0,0
牾,牾,wu,0,0
迕,迕,wu,0,0
鼯,鼯,wu,0,0
阢,阢,wu,0,0
浯,浯,wu,0,0
靰,靰,wu,0,0
杌,杌,wu,0,0
郚,郚,wu,0,0
仵,仵,wu,0,0
吾,吾,wu,0,0
鋈,鋈,wu,0,0
昔,昔,xi,2,0
希,希,xi,2,0
喜,喜,xi,2,0
息,息,xi,2,0
西,西,xi,2,0
夕,夕,xi,2,0
膝,膝,xi,2,0
析,析,xi,2,0
吸,吸,xi,2,0
洗,洗,xi,2,0
媳,媳,xi,2,0
嬉,嬉,xi,2,0
晰,晰,xi,2,0
稀,稀,xi,2,0
徙,徙,xi,2,0
惜,惜,xi,2,0
隙,隙,xi,2,0
犀,犀,xi,2,0
席,席,xi,2,0
系,系,xi,2,0
蟋,蟋,xi,2,0
嘻,嘻,xi,2,0
悉,悉,xi,2,0
熄,熄,xi,2,0
溪,溪,xi,2,0
熙,熙,xi,1,0
菥,菥,xi,0,0
樨,樨,xi,0,0
晞,晞,xi,0,0
羲,羲,xi,0,0
檄,檄,xi,0,0
淅,淅,xi,0,0
唏,唏,xi,0,0
隰,隰,xi,0,0
蹊,蹊,xi,0,0
蓰,蓰,xi,0,0
曦,曦,xi,0,0
葸,葸,xi,0,0
矽,矽,xi,0,0
舄,舄,xi,0,0
翕,翕,xi,0,0
歙,歙,xi,0,0
禧,禧,xi,0,0
兮,兮,xi,0,0
浠,浠,xi,0,0
僖,僖,xi,0,0
粞,粞,xi,0,0
郄,郄,xi,0,0
窸,窸,xi,0,0
鼷,鼷,xi,0,0
硒,硒,xi,0,0
醯,醯,xi,0,0
豨,豨,xi,0,0
禊,禊,xi,0,0
熹,熹,xi,0,0
穸,穸,xi,0,0
裼,裼,xi,0,0
螅,螅,xi,0,0
屣,屣,xi,0,0
蜥,蜥,xi,0,0
潟,潟,xi,0,0
奚,奚,xi,0,0
烯,烯,xi,0,0
舾,舾,xi,0,0
皙,皙,xi,0,0
汐,汐,xi,0,0
霞,霞,xia,2,0
下,下,xia,2,0
暇,暇,xia,2,0
夏,夏,xia,2,0
瞎,瞎,xia,2,0
匣,匣,xia,1,0
柙,柙,xia,0,0
罅,罅,xia,0,0
遐,遐,xia,0,0
黠,黠,xia,0,0
狎,狎,xia,0,0
瑕,瑕,xia,0,0
呷,呷,xia,0,0
掀,掀,xian,2,0
限,限,xian,2,0
弦,弦,xian,2,0
嫌,嫌,xian,2,0
仙,仙,xian,2,0
先,先,xian,2,0
陷,陷,xian,2,0
舷,舷,xian,1,0
涎,涎,xian,1,0
咸,咸,xian,1,0
腺,腺,xian,1,0
痃,痃,xian,0,0
祆,祆,xian,0,0
酰,酰,xian,0,0
跣,跣,xian,0,0
燹,燹,xian,0,0
筅,筅,xian,0,0
羡,羡,xian,0,0
暹,暹,xian,0,0
氙,氙,xian,0,0
霰,霰,xian,0,0
冼,冼,xian,0,0
想,想,xiang,2,0
象,象,xiang,2,0
像,像,xiang,2,0
香,香,xiang,2,0
享,享,xiang,2,0
箱,箱,xiang,2,0
巷,巷,xiang,2,0
翔,翔,xiang,2,0
相,相,xiang,2,0
祥,祥,xiang,2,0
橡,橡,xiang,2,0
向,向,xiang,2,0
湘,湘,xiang,1,0
襄,襄,xiang,0,0
庠,庠,xiang,0,0
宵,宵,xiao,2,0
逍,逍,xiao,2,0
孝,孝,xiao,2,0
小,小,xiao,2,0
肖,肖,xiao,2,0
效,效,xiao,2,0
校,校,xiao,2,0
笑,笑,xiao,2,0
消,消,xiao,2,0
哮,哮,xiao,1,0
硝,硝,xiao,1,0
魈,魈,xiao,0,0
洨,洨,xiao,0,0
霄,霄,xiao,0,0
藠,藠,xiao,0,0
枵,枵,xiao,0,0
筱,筱,xiao,0,0
懈,懈,xie,2,0
歇,歇,xie,2,0
邪,邪,xie,2,0
蟹,蟹,xie,2,0
血,血,xie,2,0
卸,卸,xie,2,0
屑,屑,xie,2,0
些,些,xie,2,0
鞋,鞋,xie,2,0
斜,斜,xie,2,0
偕,偕,xie,2,0
泄,泄,xie,2,0
械,械,xie,2,0
楔,楔,xie,1,0
薤,薤,xie,0,0
瀣,瀣,xie,0,0
榭,榭,xie,0,0
躞,躞,xie,0,0
塮,塮,xie,0,0
澥,澥,xie,0,0
廨,廨,xie,0,0
獬,獬,xie,0,0
揳,揳,xie,0,0
燮,燮,xie,0,0
勰,勰,xie,0,0
渫,渫,xie,0,0
榍,榍,xie,0,0
邂,邂,xie,0,0
薪,薪,xin,2,0
欣,欣,xin,2,0
馨,馨,xin,2,0
新,新,xin,2,0
信,信,xin,2,0
心,心,xin,2,0
辛,辛,xin,2,0
歆,歆,xin,0,0
忻,忻,xin,0,0
鑫,鑫,xin,0,0
芯,芯,xin,0,0
囟,囟,xin,0,0
昕,昕,xin,0,0
醒,醒,xing,2,0
姓,姓,xing,2,0
刑,刑,xing,2,0
行,行,xing,2,0
杏,杏,xing,2,0
腥,腥,xing,2,0
幸,幸,xing,2,0
型,型,xing,2,0
形,形,xing,2,0
星,星,xing,2,0
性,性,xing,2,0
猩,猩,xing,1,0
邢,邢,xing,1,0
悻,悻,xing,0,0
硎,硎,xing,0,0
惺,惺,xing,0,0
婞,婞,xing,0,0
荇,荇,xing,0,0
擤,擤,xing,0,0
胸,胸,xiong,2,0
兄,兄,xiong,2,0
凶,凶,xiong,2,0
雄,雄,xiong,2,0
熊,熊,xiong,2,0
匈,匈,xiong,1,0
羞,羞,xiu,2,0
休,休,xiu,2,0
修,修,xiu,2,0
秀,秀,xiu,2,0
袖,袖,xiu,2,0
嗅,嗅,xiu,2,0
朽,朽,xiu,2,0
溴,溴,xiu,0,0
庥,庥,xiu,0,0
岫,岫,xiu,0,0
咻,咻,xiu,0,0
髹,髹,xiu,0,0
琇,琇,xiu,0,0
貅,貅,xiu,0,0
婿,婿,xu,2,0
徐,徐,xu,2,0
絮,絮,xu,2,0
蓄,蓄,xu,2,0
序,序,xu,2,0
恤,恤,xu,2,0
墟,墟,xu,2,0
需,需,xu,2,0
酗,酗,xu,1,0
旭,旭,xu,1,0
吁,吁,xu,1,0
盱,盱,xu,0,0
戌,戌,xu,0,0
旮,旮,xu,0,0
栩,栩,xu,0,0
溆,溆,xu,0,0
魆,魆,xu,0,0
糈,糈,xu,0,0
煦,煦,xu,0,0
洫,洫,xu,0,0
旯,旯,xu,0,0
醑,醑,xu,0,0
胥,胥,xu,0,0
喧,喧,xuan,2,0
旋,旋,xuan,2,0
宣,宣,xuan,2,0
炫,炫,xuan,2,0
渲,渲,xuan,2,0
玄,玄,xuan,1,0
漩,漩,xuan,1,0
璇,璇,xuan,0,0
煊,煊,xuan,0,0
揎,揎,xuan,0,0
烜,烜,xuan,0,0
楦,楦,xuan,0,0
儇,儇,xuan,0,0
碹,碹,xuan,0,0
泫,泫,xuan,0,0
眩,眩,xuan,0,0
暄,暄,xuan,0,0
暅,暅,xuan,0,0
禤,禤,xuan,0,0
萱,萱,xuan,0,0
瑄,瑄,xuan,0,0
雪,雪,xue,2,0
削,削,xue,2,0
穴,穴,xue,2,0
薛,薛,xue,1,0
靴,靴,xue,1,0
茓,茓,xue,0,0
薰,薰,xun,2,0
旬,旬,xun,2,0
迅,迅,xun,2,0
殉,殉,xun,2,0
巡,巡,xun,2,0
循,循,xun,2,0
熏,熏,xun,1,0
汛,汛,xun,0,0
荀,荀,xun,0,0
恂,恂,xun,0,0
巽,巽,xun,0,0
峋,峋,xun,0,0
噀,噀,xun,0,0
醺,醺,xun,0,0
珣,珣,xun,0,0
栒,栒,xun,0,0
徇,徇,xun,0,0
洵,洵,xun,0,0
獯,獯,xun,0,0
郇,郇,xun,0,0
蕈,蕈,xun,0,0
曛,曛,xun,0,0
挦,挦,xun,0,0
雅,雅,ya,2,0
涯,涯,ya,2,0
丫,丫,ya,2,0
芽,芽,ya,2,0
呀,呀,ya,2,0
押,押,ya,2,0
牙,牙,ya,2,0
崖,崖,ya,2,0
衙,衙,ya,1,0
蚜,蚜,ya,0,0
岈,岈,ya,0,0
迓,迓,ya,0,0
揠,揠,ya,0,0
伢,伢,ya,0,0
砑,砑,ya,0,0
睚,睚,yai,0,0
沿,沿,yan,2,0
淹,淹,yan,2,0
眼,眼,yan,2,0
雁,雁,yan,2,0
掩,掩,yan,2,0
宴,宴,yan,2,0
咽,咽,yan,2,0
炎,炎,yan,2,0
延,延,yan,2,0
筵,筵,yan,2,0
燕,燕,yan,2,0
研,研,yan,2,0
言,言,yan,2,0
衍,衍,yan,2,0
演,演,yan,2,0
焰,焰,yan,2,0
蜒,蜒,yan,1,0
岩,岩,yan,1,0
奄,奄,yan,1,0
堰,堰,yan,1,0
唁,唁,yan,1,0
弇,弇,yan,0,0
妍,妍,yan,0,0
檐,檐,yan,0,0
腌,腌,yan,0,0
崦,崦,yan,0,0
郾,郾,yan,0,0
罨,罨,yan,0,0
蔫,蔫,yan,0,0
晏,晏,yan,0,0
胭,胭,yan,0,0
偃,偃,yan,0,0
嫣,嫣,yan,0,0
鄢,鄢,yan,0,0
焱,焱,yan,0,0
剡,剡,yan,0,0
扊,扊,yan,0,0
埏,埏,yan,0,0
琰,琰,yan,0,0
焉,焉,yan,0,0
洋,洋,yang,2,0
氧,氧,yang,2,0
秧,秧,yang,2,0
漾,漾,yang,2,0
羊,羊,yang,2,0
央,央,yang,2,0
仰,仰,yang,2,0
殃,殃,yang,1,0
怏,怏,yang,0,0
恙,恙,yang,0,0
烊,烊,yang,0,0
泱,泱,yang,0,0
徉,徉,yang,0,0
垟,垟,yang,0,0
蛘,蛘,yang,0,0
鞅,鞅,yang,0,0
佯,佯,yang,0,0
耀,耀,yao,2,0
咬,咬,yao,2,0
邀,邀,yao,2,0
腰,腰,yao,2,0
要,要,yao,2,0
淆,淆,yao,2,0
夭,夭,yao,2,0
妖,妖,yao,2,0
么,么,yao,1,0
姚,姚,yao,1,0
吆,吆,yao,1,0
舀,舀,yao,1,0
肴,肴,yao,1,0
曜,曜,yao,0,0
靿,靿,yao,0,0
窈,窈,yao,0,0
繇,繇,yao,0,0
窅,窅,yao,0,0
徭,徭,yao,0,0
幺,幺,yao,0,0
崤,崤,yao,0,0
爻,爻,yao,0,0
杳,杳,yao,0,0
珧,珧,yao,0,0
液,液,ye,2,0
夜,夜,ye,2,0
也,也,ye,2,0
野,野,ye,2,0
椰,椰,ye,2,0
冶,冶,ye,2,0
掖,掖,ye,1,0
耶,耶,ye,0,0
拽,拽,ye,0,0
揶,揶,ye,0,0
曳,曳,ye,0,0
倻,倻,ye,0,0
噎,噎,ye,0,0
益,益,yi,2,0
壹,壹,yi,2,0
溢,溢,yi,2,0
宜,宜,yi,2,0
疑,疑,yi,2,0
以,以,yi,2,0
疫,疫,yi,2,0
亦,亦,yi,2,0
毅,毅,yi,2,0
乙,乙,yi,2,0
屹,屹,yi,2,0
咦,咦,yi,2,0
逸,逸,yi,2,0
移,移,yi,2,0
翌,翌,yi,2,0
裔,裔,yi,2,0
一,一,yi,2,0
怡,怡,yi,2,0
姨,姨,yi,2,0
抑,抑,yi,2,0
已,已,yi,2,0
意,意,yi,2,0
翼,翼,yi,2,0
役,役,yi,2,0
倚,倚,yi,2,0
易,易,yi,2,0
伊,伊,yi,2,0
依,依,yi,2,0
衣,衣,yi,2,0
椅,椅,yi,2,0
奕,奕,yi,1,0
胰,胰,yi,1,0
肄,肄,yi,1,0
夷,夷,yi,1,0
揖,揖,yi,1,0
邑,邑,yi,1,0
腋,腋,yi,1,0
酏,酏,yi,0,0
臆,臆,yi,0,0
廙,廙,yi,0,0
噫,噫,yi,0,0
迤,迤,yi,0,0
挹,挹,yi,0,0
懿,懿,yi,0,0
乂,乂,yi,0,0
矣,矣,yi,0,0
黟,黟,yi,0,0
圯,圯,yi,0,0
簃,簃,yi,0,0
猗,猗,yi,0,0
嶷,嶷,yi,0,0
扅,扅,yi,0,0
佚,佚,yi,0,0
弈,弈,yi,0,0
翊,翊,yi,0,0
弋,弋,yi,0,0
浥,浥,yi,0,0
咿,咿,yi,0,0
仡,仡,yi,0,0
刈,刈,yi,0,0
殪,殪,yi,0,0
苡,苡,yi,0,0
薏,薏,yi,0,0
嗌,嗌,yi,0,0
蜴,蜴,yi,0,0
埸,埸,yi,0,0
繄,繄,yi,0,0
旖,旖,yi,0,0
沂,沂,yi,0,0
佾,佾,yi,0,0
痍,痍,yi,0,0
熠,熠,yi,0,0
羿,羿,yi,0,0
悒,悒,yi,0,0
劓,劓,yi,0,0
螠,螠,yi,0,0
翳,翳,yi,0,0
匜,匜,yi,0,0
彝,彝,yi,0,0
癔,癔,yi,0,0
漪,漪,yi,0,0
印,印,yin,2,0
引,引,yin,2,0
吟,吟,yin,2,0
因,因,yin,2,0
姻,姻,yin,2,0
音,音,yin,2,0
殷,殷,yin,2,0
蚓,蚓,yin,1,0
茵,茵,yin,1,0
淫,淫,yin,1,0
愔,愔,yin,0,0
氤,氤,yin,0,0
狺,狺,yin,0,0
茚,茚,yin,0,0
嚚,嚚,yin,0,0
窨,窨,yin,0,0
寅,寅,yin,0,0
崟,崟,yin,0,0
胤,胤,yin,0,0
霪,霪,yin,0,0
尹,尹,yin,0,0
喑,喑,yin,0,0
垠,垠,yin,0,0
洇,洇,yin,0,0
堙,堙,yin,0,0
鄞,鄞,yin,0,0
夤,夤,yin,0,0
湮,湮,yin,0,0
英,英,ying,2,0
迎,迎,ying,2,0
硬,硬,ying,2,0
影,影,ying,2,0
映,映,ying,2,0
盈,盈,ying,2,0
膺,膺,ying,0,0
郢,郢,ying,0,0
瑛,瑛,ying,0,0
瀛,瀛,ying,0,0
楹,楹,ying,0,0
媵,媵,ying,0,0
嬴,嬴,ying,0,0
唷,唷,yo,0,0
佣,佣,yong,2,0
泳,泳,yong,2,0
庸,庸,yong,2,0
勇,勇,yong,2,0
永,永,yong,2,0
用,用,yong,2,0
涌,涌,yong,1,0
蛹,蛹,yong,1,0
饔,饔,yong,0,0
俑,俑,yong,0,0
邕,邕,yong,0,0
鄘,鄘,yong,0,0
蕹,蕹,yong,0,0
墉,墉,yong,0,0
雍,雍,yong,0,0
甬,甬,yong,0,0
慵,慵,yong,0,0
恿,恿,yong,0,0
臃,臃,yong,0,0
壅,壅,yong,0,0
喁,喁,yong,0,0
幽,幽,you,2,0
柚,柚,you,2,0
右,右,you,2,0
游,游,you,2,0
尤,尤,you,2,0
友,友,you,2,0
又,又,you,2,0
油,油,you,2,0
佑,佑,you,2,0
由,由,you,2,0
有,有,you,2,0
悠,悠,you,2,0
幼,幼,you,2,0
鼬,鼬,you,0,0
莠,莠,you,0,0
牖,牖,you,0,0
呦,呦,you,0,0
羑,羑,you,0,0
宥,宥,you,0,0
蚴,蚴,you,0,0
猷,猷,you,0,0
蚰,蚰,you,0,0
耰,耰,you,0,0
酉,酉,you,0,0
侑,侑,you,0,0
釉,釉,you,0,0
蝣,蝣,you,0,0
疣,疣,you,0,0
黝,黝,you,0,0
攸,攸,you,0,0
卣,卣,you,0,0
囿,囿,you,0,0
愚,愚,yu,2,0
豫,豫,yu,2,0
予,予,yu,2,0
淤,淤,yu,2,0
愉,愉,yu,2,0
浴,浴,yu,2,0
育,育,yu,2,0
寓,寓,yu,2,0
逾,逾,yu,2,0
宇,宇,yu,2,0
域,域,yu,2,0
裕,裕,yu,2,0
羽,羽,yu,2,0
雨,雨,yu,2,0
御,御,yu,2,0
喻,喻,yu,2,0
郁,郁,yu,2,0
愈,愈,yu,2,0
遇,遇,yu,2,0
玉,玉,yu,2,0
欲,欲,yu,2,0
於,於,yu,2,0
芋,芋,yu,1,0
于,于,yu,1,0
余,余,yu,1,0
迂,迂,yu,1,0
榆,榆,yu,1,0
隅,隅,yu,1,0
嵎,嵎,yu,0,0
禺,禺,yu,0,0
堉,堉,yu,0,0
妤,妤,yu,0,0
竽,竽,yu,0,0
渝,渝,yu,0,0
瑜,瑜,yu,0,0
庾,庾,yu,0,0
聿,聿,yu,0,0
揄,揄,yu,0,0
盂,盂,yu,0,0
嵛,嵛,yu,0,0
雩,雩,yu,0,0
鬻,鬻,yu,0,0
燏,燏,yu,0,0
瘐,瘐,yu,0,0
禹,禹,yu,0,0
煜,煜,yu,0,0
蝓,蝓,yu,0,0
俞,俞,yu,0,0
蜮,蜮,yu,0,0
狳,狳,yu,0,0
圄,圄,yu,0,0
圉,圉,yu,0,0
腧,腧,yu,0,0
燠,燠,yu,0,0
窬,窬,yu,0,0
萸,萸,yu,0,0
窳,窳,yu,0,0
臾,臾,yu,0,0
毓,毓,yu,0,0
峪,峪,yu,0,0
腴,腴,yu,0,0
瑀,瑀,yu,0,0
昱,昱,yu,0,0
彧,彧,yu,0,0
虞,虞,yu,0,0
元,元,yuan,2,0
原,原,yuan,2,0
源,源,yuan,2,0
冤,冤,yuan,2,0
院,院,yuan,2,0
援,援,yuan,2,0
怨,怨,yuan,2,0
猿,猿,yuan,2,0
愿,愿,yuan,1,0
袁,袁,yuan,1,0
垣,垣,yuan,0,0
苑,苑,yuan,0,0
螈,螈,yuan,0,0
圜,圜,yuan,0,0
芫,芫,yuan,0,0
瑗,瑗,yuan,0,0
掾,掾,yuan,0,0
箢,箢,yuan,0,0
蜎,蜎,yuan,0,0
湲,湲,yuan,0,0
塬,塬,yuan,0,0
爰,爰,yuan,0,0
眢,眢,yuan,0,0
媛,媛,yuan,0,0
沅,沅,yuan,0,0
悦,悦,yue,2,0
月,月,yue,2,0
岳,岳,yue,2,0
越,越,yue,2,0
樾,樾,yue,0,0
刖,刖,yue,0,0
龠,龠,yue,0,0
玥,玥,yue,0,0
曱,曱,yue,0,0
曰,曰,yue,0,0
瀹,瀹,yue,0,0
孕,孕,yun,2,0
允,允,yun,2,0
云,云,yun,2,0
耘,耘,yun,2,0
氲,氲,yun,0,0
筠,筠,yun,0,0
芸,芸,yun,0,0
熨,熨,yun,0,0
愠,愠,yun,0,0
鋆,鋆,yun,0,0
昀,昀,yun,0,0
狁,狁,yun,0,0
砸,砸,za,1,0
咂,咂,za,0,0
匝,匝,za,0,0
宰,宰,zai,2,0
在,在,zai,2,0
再,再,zai,2,0
栽,栽,zai,2,0
崽,崽,zai,0,0
哉,哉,zai,0,0
咱,咱,zan,2,0
簪,簪,zan,0,0
糌,糌,zan,0,0
拶,拶,zan,0,0
昝,昝,zan,0,0
葬,葬,zang,2,0
奘,奘,zang,0,0
臧,臧,zang,0,0
牂,牂,zang,0,0
糟,糟,zao,2,0
澡,澡,zao,2,0
噪,噪,zao,2,0
蚤,蚤,zao,2,0
遭,遭,zao,2,0
早,早,zao,2,0
皂,皂,zao,2,0
燥,燥,zao,2,0
造,造,zao,2,0
藻,藻,zao,2,0
躁,躁,zao,2,0
灶,灶,zao,1,0
唣,唣,zao,0,0
慥,慥,zao,0,0
璪,璪,zao,0,0
迮,迮,ze,0,0
仄,仄,ze,0,0
舴,舴,ze,0,0
笮,笮,ze,0,0
昃,昃,ze,0,0
怎,怎,zen,2,0
憎,憎,zeng,2,0
增,增,zeng,2,0
甑,甑,zeng,0,0
罾,罾,zeng,0,0
炸,炸,zha,2,0
扎,扎,zha,2,0
喳,喳,zha,2,0
渣,渣,zha,2,0
眨,眨,zha,2,0
榨,榨,zha,2,0
乍,乍,zha,1,0
猹,猹,zha,0,0
溠,溠,zha,0,0
痄,痄,zha,0,0
栅,栅,zha,0,0
楂,楂,zha,0,0
膪,膪,zha,0,0
札,札,zha,0,0
蚱,蚱,zha,0,0
砟,砟,zha,0,0
咋,咋,zha,0,0
甴,甴,zha,0,0
揸,揸,zha,0,0
哳,哳,zha,0,0
窄,窄,zhai,2,0
摘,摘,zhai,2,0
宅,宅,zhai,2,0
寨,寨,zhai,1,0
瘵,瘵,zhai,0,0
站,站,zhan,2,0
沾,沾,zhan,2,0
展,展,zhan,2,0
瞻,瞻,zhan,2,0
占,占,zhan,2,0
蘸,蘸,zhan,1,0
搌,搌,zhan,0,0
拃,拃,zhan,0,0
湛,湛,zhan,0,0
旃,旃,zhan,0,0
詹,詹,zhan,0,0
障,障,zhang,2,0
彰,彰,zhang,2,0
章,章,zhang,2,0
蟑,蟑,zhang,2,0
杖,杖,zhang,2,0
仗,仗,zhang,2,0
掌,掌,zhang,2,0
丈,丈,zhang,2,0
樟,樟,zhang,1,0
嶂,嶂,zhang,0,0
嫜,嫜,zhang,0,0
獐,獐,zhang,0,0
鄣,鄣,zhang,0,0
璋,璋,zhang,0,0
幛,幛,zhang,0,0
漳,漳,zhang,0,0
仉,仉,zhang,0,0
瘴,瘴,zhang,0,0
沼,沼,zhao,2,0
罩,罩,zhao,2,0
朝,朝,zhao,2,0
着,着,zhao,2,0
召,召,zhao,2,0
招,招,zhao,2,0
找,找,zhao,2,0
兆,兆,zhao,2,0
照,照,zhao,2,0
昭,昭,zhao,1,0
肇,肇,zhao,0,0
笊,笊,zhao,0,0
遮,遮,zhe,2,0
蔗,蔗,zhe,2,0
折,折,zhe,2,0
摺,摺,zhe,2,0
者,者,zhe,2,0
哲,哲,zhe,1,0
浙,浙,zhe,1,0
褶,褶,zhe,0,0
蜇,蜇,zhe,0,0
晢,晢,zhe,0,0
磔,磔,zhe,0,0
柘,柘,zhe,0,0
赭,赭,zhe,0,0
珍,珍,zhen,2,0
枕,枕,zhen,2,0
震,震,zhen,2,0
真,真,zhen,2,0
振,振,zhen,2,0
甄,甄,zhen,2,0
疹,疹,zhen,1,0
斟,斟,zhen,1,0
榛,榛,zhen,1,0
袗,袗,zhen,0,0
圳,圳,zhen,0,0
箴,箴,zhen,0,0
畛,畛,zhen,0,0
胗,胗,zhen,0,0
砧,砧,zhen,0,0
朕,朕,zhen,0,0
蓁,蓁,zhen,0,0
溱,溱,zhen,0,0
臻,臻,zhen,0,0
征,征,zheng,2,0
症,症,zheng,2,0
政,政,zheng,2,0
徵,徵,zheng,2,0
蒸,蒸,zheng,2,0
整,整,zheng,2,0
拯,拯,zheng,2,0
正,正,zheng,2,0
怔,怔,zheng,1,0
烝,烝,zheng,0,0
芝,芝,zhi,2,0
趾,趾,zhi,2,0
秩,秩,zhi,2,0
汁,汁,zhi,2,0
窒,窒,zhi,2,0
支,支,zhi,2,0
炙,炙,zhi,2,0
至,至,zhi,2,0
制,制,zhi,2,0
智,智,zhi,2,0
致,致,zhi,2,0
只,只,zhi,2,0
直,直,zhi,2,0
旨,旨,zhi,2,0
址,址,zhi,2,0
殖,殖,zhi,2,0
知,知,zhi,2,0
值,值,zhi,2,0
治,治,zhi,2,0
之,之,zhi,2,0
肢,肢,zhi,2,0
指,指,zhi,2,0
置,置,zhi,2,0
植,植,zhi,2,0
志,志,zhi,2,0
蜘,蜘,zhi,2,0
枝,枝,zhi,2,0
止,止,zhi,2,0
吱,吱,zhi,2,0
脂,脂,zhi,2,0
稚,稚,zhi,2,0
郅,郅,zhi,0,0
枳,枳,zhi,0,0
扺,扺,zhi,0,0
痔,痔,zhi,0,0
胝,胝,zhi,0,0
沚,沚,zhi,0,0
黹,黹,zhi,0,0
埴,埴,zhi,0,0
雉,雉,zhi,0,0
峙,峙,zhi,0,0
忮,忮,zhi,0,0
芷,芷,zhi,0,0
摭,摭,zhi,0,0
蛭,蛭,zhi,0,0
豸,豸,zhi,0,0
陟,陟,zhi,0,0
咫,咫,zhi,0,0
痣,痣,zhi,0,0
酯,酯,zhi,0,0
滍,滍,zhi,0,0
梽,梽,zhi,0,0
彘,彘,zhi,0,0
祉,祉,zhi,0,0
庤,庤,zhi,0,0
帙,帙,zhi,0,0
祗,祗,zhi,0,0
跖,跖,zhi,0,0
桎,桎,zhi,0,0
卮,卮,zhi,0,0
中,中,zhong,2,0
忠,忠,zhong,2,0
衷,衷,zhong,2,0
重,重,zhong,2,0
仲,仲,zhong,1,0
忪,忪,zhong,0,0
盅,盅,zhong,0,0
踵,踵,zhong,0,0
冢,冢,zhong,0,0
螽,螽,zhong,0,0
洲,洲,zhou,2,0
州,州,zhou,2,0
帚,帚,zhou,2,0
周,周,zhou,2,0
粥,粥,zhou,2,0
咒,咒,zhou,2,0
舟,舟,zhou,2,0
宙,宙,zhou,2,0
肘,肘,zhou,1,0
籀,籀,zhou,0,0
啁,啁,zhou,0,0
胄,胄,zhou,0,0
酎,酎,zhou,0,0
妯,妯,zhou,0,0
柱,柱,zhu,2,0
珠,珠,zhu,2,0
竹,竹,zhu,2,0
株,株,zhu,2,0
著,著,zhu,2,0
煮,煮,zhu,2,0
助,助,zhu,2,0
主,主,zhu,2,0
住,住,zhu,2,0
蛛,蛛,zhu,2,0
逐,逐,zhu,2,0
注,注,zhu,2,0
祝,祝,zhu,2,0
蛀,蛀,zhu,2,0
朱,朱,zhu,2,0
拄,拄,zhu,1,0
疰,疰,zhu,0,0
竺,竺,zhu,0,0
瘃,瘃,zhu,0,0
箸,箸,zhu,0,0
茱,茱,zhu,0,0
筑,筑,zhu,0,0
麈,麈,zhu,0,0
邾,邾,zhu,0,0
炷,炷,zhu,0,0
翥,翥,zhu,0,0
蠋,蠋,zhu,0,0
杼,杼,zhu,0,0
洙,洙,zhu,0,0
舳,舳,zhu,0,0
躅,躅,zhu,0,0
侏,侏,zhu,0,0
渚,渚,zhu,0,0
爪,爪,zhua,2,0
抓,抓,zhua,2,0
撰,撰,zhuan,1,0
篆,篆,zhuan,0,0
撞,撞,zhuang,2,0
庄,庄,zhuang,0,0
追,追,zhui,2,0
椎,椎,zhui,1,0
惴,惴,zhui,0,0
准,准,zhun,2,0
肫,肫,zhun,0,0
隼,隼,zhun,0,0
窀,窀,zhun,0,0
灼,灼,zhuo,2,0
琢,琢,zhuo,2,0
卓,卓,zhuo,2,0
茁,茁,zhuo,2,0
桌,桌,zhuo,2,0
啄,啄,zhuo,2,0
捉,捉,zhuo,2,0
拙,拙,zhuo,1,0
酌,酌,zhuo,1,0
棹,棹,zhuo,0,0
倬,倬,zhuo,0,0
禚,禚,zhuo,0,0
擢,擢,zhuo,0,0
濯,濯,zhuo,0,0
焯,焯,zhuo,0,0
斫,斫,zhuo,0,0
踔,踔,zhuo,0,0
涿,涿,zhuo,0,0
浞,浞,zhuo,0,0
紫,紫,zi,2,0
姊,姊,zi,2,0
姿,姿,zi,2,0
滋,滋,zi,2,0
仔,仔,zi,2,0
滓,滓,zi,2,0
自,自,zi,2,0
子,子,zi,2,0
字,字,zi,2,0
籽,籽,zi,1,0
咨,咨,zi,1,0
孜,孜,zi,0,0
梓,梓,zi,0,0
嵫,嵫,zi,0,0
甾,甾,zi,0,0
秭,秭,zi,0,0
嗞,嗞,zi,0,0
觜,觜,zi,0,0
訾,訾,zi,0,0
笫,笫,zi,0,0
孳,孳,zi,0,0
髭,髭,zi,0,0
茈,茈,zi,0,0
耔,耔,zi,0,0
淄,淄,zi,0,0
恣,恣,zi,0,0
呲,呲,zi,0,0
鼒,鼒,zi,0,0
宗,宗,zong,2,0
粽,粽,zong,2,0
棕,棕,zong,2,0
腙,腙,zong,0,0
鬃,鬃,zong,0,0
熜,熜,zong,0,0
奏,奏,zou,2,0
走,走,zou,2,0
揍,揍,zou,1,0
鄹,鄹,zou,0,0
陬,陬,zou,0,0
祖,祖,zu,2,0
租,租,zu,2,0
卒,卒,zu,2,0
族,族,zu,2,0
足,足,zu,2,0
阻,阻,zu,2,0
俎,俎,zu,0,0
攥,攥,zuan,0,0
纂,纂,zuan,0,0
嘴,嘴,zui,2,0
最,最,zui,2,0
醉,醉,zui,2,0
罪,罪,zui,2,0
蕞,蕞,zui,0,0
脧,脧,zui,0,0
遵,遵,zun,2,0
樽,樽,zun,2,0
尊,尊,zun,2,0
撙,撙,zun,0,0
做,做,zuo,2,0
座,座,zuo,2,0
作,作,zuo,2,0
坐,坐,zuo,2,0
昨,昨,zuo,2,0
左,左,zuo,2,0
祚,祚,zuo,0,0
佐,佐,zuo,0,0
胙,胙,zuo,0,0
柞,柞,zuo,0,0
唑,唑,zuo,0,0
酢,酢,zuo,0,0
嘬,嘬,zuo,0,0
怍,怍,zuo,0,0
阼,阼,zuo,0,0
