,,a,,Pinyin header
,,,2,Frequency header
啊,啊,,,0
阿,阿,,,0
,,,0,Frequency header
嗄,嗄,,,0
,,ai,,Pinyin header
,,,2,Frequency header
艾,艾,,,0
埃,埃,,,0
哎,哎,,,0
哀,哀,,,0
挨,挨,,,0
唉,唉,,,0
癌,癌,,,0
隘,隘,,,0
矮,矮,,,0
,,,0,Frequency header
欸,欸,,,0
毐,毐,,,0
,,an,,Pinyin header
,,,2,Frequency header
安,安,,,0
按,按,,,0
案,案,,,0
鞍,鞍,,,0
暗,暗,,,0
岸,岸,,,0
黯,黯,,,0
,,,1,Frequency header
俺,俺,,,0
氨,氨,,,0
庵,庵,,,0
,,,0,Frequency header
埯,埯,,,0
揞,揞,,,0
盦,盦,,,0
桉,桉,,,0
犴,犴,,,0
,,ang,,Pinyin header
,,,2,Frequency header
昂,昂,,,0
盎,盎,,,0
,,ao,,Pinyin header
,,,2,Frequency header
熬,熬,,,0
懊,懊,,,0
傲,傲,,,0
凹,凹,,,0
,,,1,Frequency header
拗,拗,,,0
澳,澳,,,0
,,,0,Frequency header
坳,坳,,,0
璈,璈,,,0
嗷,嗷,,,0
敖,敖,,,0
鏖,鏖,,,0
獒,獒,,,0
聱,聱,,,0
翱,翱,,,0
廒,廒,,,0
遨,遨,,,0
鏊,鏊,,,0
螯,螯,,,0
,,ba,,Pinyin header
,,,2,Frequency header
把,把,,,0
爸,爸,,,0
扒,扒,,,0
吧,吧,,,0
巴,巴,,,0
霸,霸,,,0
八,八,,,0
叭,叭,,,0
芭,芭,,,0
疤,疤,,,0
拔,拔,,,0
笆,笆,,,0
,,,1,Frequency header
跋,跋,,,0
耙,耙,,,0
靶,靶,,,0
捌,捌,,,0
,,,0,Frequency header
魃,魃,,,0
粑,粑,,,0
灞,灞,,,0
菝,菝,,,0
,,bai,,Pinyin header
,,,2,Frequency header
柏,柏,,,0
拜,拜,,,0
白,白,,,0
百,百,,,0
,,,0,Frequency header
稗,稗,,,0
捭,捭,,,0
佰,佰,,,0
掰,掰,,,0
,,ban,,Pinyin header
,,,2,Frequency header
板,板,,,0
拌,拌,,,0
版,版,,,0
般,般,,,0
班,班,,,0
扮,扮,,,0
伴,伴,,,0
斑,斑,,,0
半,半,,,0
搬,搬,,,0
瓣,瓣,,,0
,,,1,Frequency header
扳,扳,,,0
,,,0,Frequency header
舨,舨,,,0
瘢,瘢,,,0
坂,坂,,,0
靽,靽,,,0
阪,阪,,,0
癍,癍,,,0
,,bang,,Pinyin header
,,,2,Frequency header
傍,傍,,,0
榜,榜,,,0
磅,磅,,,0
棒,棒,,,0
邦,邦,,,0
膀,膀,,,0
,,,1,Frequency header
梆,梆,,,0
蚌,蚌,,,0
,,,0,Frequency header
浜,浜,,,0
蒡,蒡,,,0
,,bao,,Pinyin header
,,,2,Frequency header
褒,褒,,,0
爆,爆,,,0
堡,堡,,,0
保,保,,,0
胞,胞,,,0
包,包,,,0
抱,抱,,,0
豹,豹,,,0
刨,刨,,,0
暴,暴,,,0
,,,1,Frequency header
苞,苞,,,0
雹,雹,,,0
,,,0,Frequency header
煲,煲,,,0
褓,褓,,,0
趵,趵,,,0
孢,孢,,,0
葆,葆,,,0
,,bei,,Pinyin header
,,,2,Frequency header
卑,卑,,,0
碑,碑,,,0
北,北,,,0
被,被,,,0
杯,杯,,,0
悲,悲,,,0
倍,倍,,,0
背,背,,,0
,,,1,Frequency header
焙,焙,,,0
,,,0,Frequency header
邶,邶,,,0
蓓,蓓,,,0
孛,孛,,,0
褙,褙,,,0
碚,碚,,,0
陂,陂,,,0
鐾,鐾,,,0
椑,椑,,,0
鞴,鞴,,,0
庳,庳,,,0
悖,悖,,,0
,,ben,,Pinyin header
,,,2,Frequency header
奔,奔,,,0
笨,笨,,,0
本,本,,,0
,,,0,Frequency header
坌,坌,,,0
苯,苯,,,0
畚,畚,,,0
,,beng,,Pinyin header
,,,2,Frequency header
崩,崩,,,0
蹦,蹦,,,0
,,,0,Frequency header
搒,搒,,,0
甭,甭,,,0
琫,琫,,,0
迸,迸,,,0
嘣,嘣,,,0
泵,泵,,,0
,,bi,,Pinyin header
,,,2,Frequency header
璧,璧,,,0
敝,敝,,,0
鄙,鄙,,,0
臂,臂,,,0
彼,彼,,,0
逼,逼,,,0
比,比,,,0
避,避,,,0
鼻,鼻,,,0
弊,弊,,,0
必,必,,,0
庇,庇,,,0
壁,壁,,,0
碧,碧,,,0
俾,俾,,,0
蔽,蔽,,,0
陛,陛,,,0
,,,1,Frequency header
荸,荸,,,0
匕,匕,,,0
,,,0,Frequency header
狴,狴,,,0
蚍,蚍,,,0
篦,篦,,,0
沘,沘,,,0
箅,箅,,,0
嬖,嬖,,,0
裨,裨,,,0
襞,襞,,,0
吡,吡,,,0
畀,畀,,,0
婢,婢,,,0
薜,薜,,,0
滗,滗,,,0
弼,弼,,,0
睥,睥,,,0
觱,觱,,,0
毖,毖,,,0
蓖,蓖,,,0
愎,愎,,,0
痹,痹,,,0
妣,妣,,,0
髀,髀,,,0
秕,秕,,,0
,,bian,,Pinyin header
,,,2,Frequency header
辨,辨,,,0
匾,匾,,,0
蝙,蝙,,,0
遍,遍,,,0
扁,扁,,,0
便,便,,,0
鞭,鞭,,,0
,,,0,Frequency header
卞,卞,,,0
碥,碥,,,0
弁,弁,,,0
抃,抃,,,0
褊,褊,,,0
忭,忭,,,0
汴,汴,,,0
煸,煸,,,0
砭,砭,,,0
,,biao,,Pinyin header
,,,2,Frequency header
表,表,,,0
,,,1,Frequency header
彪,彪,,,0
,,,0,Frequency header
瀌,瀌,,,0
瘭,瘭,,,0
裱,裱,,,0
婊,婊,,,0
俵,俵,,,0
,,bie,,Pinyin header
,,,0,Frequency header
蹩,蹩,,,0
憋,憋,,,0
,,bin,,Pinyin header
,,,1,Frequency header
彬,彬,,,0
,,,0,Frequency header
斌,斌,,,0
玢,玢,,,0
豳,豳,,,0
,,bing,,Pinyin header
,,,2,Frequency header
柄,柄,,,0
病,病,,,0
冰,冰,,,0
丙,丙,,,0
兵,兵,,,0
,,,1,Frequency header
秉,秉,,,0
并,并,,,0
,,,0,Frequency header
栟,栟,,,0
邴,邴,,,0
炳,炳,,,0
摒,摒,,,0
,,bo,,Pinyin header
,,,2,Frequency header
舶,舶,,,0
泊,泊,,,0
薄,薄,,,0
博,博,,,0
菠,菠,,,0
跛,跛,,,0
玻,玻,,,0
膊,膊,,,0
脖,脖,,,0
勃,勃,,,0
波,波,,,0
搏,搏,,,0
伯,伯,,,0
播,播,,,0
簸,簸,,,0
,,,1,Frequency header
渤,渤,,,0
,,,0,Frequency header
啵,啵,,,0
礴,礴,,,0
檗,檗,,,0
帛,帛,,,0
踣,踣,,,0
亳,亳,,,0
擘,擘,,,0
嶓,嶓,,,0
浡,浡,,,0
僰,僰,,,0
箔,箔,,,0
,,bu,,Pinyin header
,,,2,Frequency header
卜,卜,,,0
布,布,,,0
捕,捕,,,0
部,部,,,0
步,步,,,0
不,不,,,0
怖,怖,,,0
埠,埠,,,0
簿,簿,,,0
,,,1,Frequency header
哺,哺,,,0
,,,0,Frequency header
醭,醭,,,0
逋,逋,,,0
卟,卟,,,0
晡,晡,,,0
,,ca,,Pinyin header
,,,2,Frequency header
擦,擦,,,0
,,,0,Frequency header
礤,礤,,,0
嚓,嚓,,,0
,,cai,,Pinyin header
,,,2,Frequency header
菜,菜,,,0
睬,睬,,,0
彩,彩,,,0
采,采,,,0
踩,踩,,,0
猜,猜,,,0
材,材,,,0
才,才,,,0
裁,裁,,,0
,,,0,Frequency header
蔡,蔡,,,0
,,can,,Pinyin header
,,,2,Frequency header
餐,餐,,,0
,,,0,Frequency header
粲,粲,,,0
璨,璨,,,0
,,cang,,Pinyin header
,,,2,Frequency header
藏,藏,,,0
,,cao,,Pinyin header
,,,2,Frequency header
操,操,,,0
槽,槽,,,0
嘈,嘈,,,0
草,草,,,0
糙,糙,,,0
,,,1,Frequency header
曹,曹,,,0
,,,0,Frequency header
螬,螬,,,0
艚,艚,,,0
漕,漕,,,0
,,ce,,Pinyin header
,,,2,Frequency header
策,策,,,0
,,cen,,Pinyin header
,,,0,Frequency header
岑,岑,,,0
涔,涔,,,0
,,ceng,,Pinyin header
,,,2,Frequency header
曾,曾,,,0
,,,0,Frequency header
蹭,蹭,,,0
,,cha,,Pinyin header
,,,2,Frequency header
茶,茶,,,0
插,插,,,0
差,差,,,0
察,察,,,0
叉,叉,,,0
查,查,,,0
,,,1,Frequency header
岔,岔,,,0
,,,0,Frequency header
碴,碴,,,0
汊,汊,,,0
嵖,嵖,,,0
槎,槎,,,0
蹅,蹅,,,0
杈,杈,,,0
垞,垞,,,0
檫,檫,,,0
衩,衩,,,0
搽,搽,,,0
,,chai,,Pinyin header
,,,2,Frequency header
柴,柴,,,0
拆,拆,,,0
,,,1,Frequency header
豺,豺,,,0
,,,0,Frequency header
瘥,瘥,,,0
茝,茝,,,0
,,chan,,Pinyin header
,,,0,Frequency header
孱,孱,,,0
韂,韂,,,0
澶,澶,,,0
瀍,瀍,,,0
躔,躔,,,0
廛,廛,,,0
巉,巉,,,0
潺,潺,,,0
羼,羼,,,0
蟾,蟾,,,0
,,chang,,Pinyin header
,,,2,Frequency header
裳,裳,,,0
常,常,,,0
唱,唱,,,0
昌,昌,,,0
倡,倡,,,0
敞,敞,,,0
,,,1,Frequency header
猖,猖,,,0
,,,0,Frequency header
惝,惝,,,0
徜,徜,,,0
鬯,鬯,,,0
嫦,嫦,,,0
娼,娼,,,0
菖,菖,,,0
昶,昶,,,0
氅,氅,,,0
,,chao,,Pinyin header
,,,2,Frequency header
巢,巢,,,0
吵,吵,,,0
炒,炒,,,0
超,超,,,0
潮,潮,,,0
嘲,嘲,,,0
抄,抄,,,0
,,,0,Frequency header
晁,晁,,,0
耖,耖,,,0
怊,怊,,,0
,,che,,Pinyin header
,,,2,Frequency header
澈,澈,,,0
扯,扯,,,0
掣,掣,,,0
撤,撤,,,0
,,,0,Frequency header
坼,坼,,,0
,,chen,,Pinyin header
,,,2,Frequency header
辰,辰,,,0
忱,忱,,,0
臣,臣,,,0
沉,沉,,,0
趁,趁,,,0
晨,晨,,,0
,,,1,Frequency header
沈,沈,,,0
,,,0,Frequency header
宸,宸,,,0
疢,疢,,,0
琛,琛,,,0
瞋,瞋,,,0
郴,郴,,,0
,,cheng,,Pinyin header
,,,2,Frequency header
承,承,,,0
澄,澄,,,0
城,城,,,0
呈,呈,,,0
逞,逞,,,0
秤,秤,,,0
乘,乘,,,0
橙,橙,,,0
程,程,,,0
成,成,,,0
,,,0,Frequency header
裎,裎,,,0
丞,丞,,,0
酲,酲,,,0
琤,琤,,,0
牚,牚,,,0
埕,埕,,,0
塍,塍,,,0
噌,噌,,,0
宬,宬,,,0
瞠,瞠,,,0
,,chi,,Pinyin header
,,,2,Frequency header
匙,匙,,,0
豉,豉,,,0
斥,斥,,,0
尺,尺,,,0
弛,弛,,,0
吃,吃,,,0
赤,赤,,,0
池,池,,,0
侈,侈,,,0
持,持,,,0
痴,痴,,,0
翅,翅,,,0
,,,1,Frequency header
嗤,嗤,,,0
,,,0,Frequency header
蚩,蚩,,,0
瓻,瓻,,,0
笞,笞,,,0
墀,墀,,,0
郗,郗,,,0
褫,褫,,,0
搋,搋,,,0
螭,螭,,,0
眙,眙,,,0
茬,茬,,,0
敕,敕,,,0
魑,魑,,,0
坻,坻,,,0
啻,啻,,,0
媸,媸,,,0
眵,眵,,,0
叱,叱,,,0
篪,篪,,,0
哧,哧,,,0
踅,踅,,,0
泜,泜,,,0
瘛,瘛,,,0
茌,茌,,,0
踟,踟,,,0
彳,彳,,,0
,,chong,,Pinyin header
,,,2,Frequency header
崇,崇,,,0
充,充,,,0
憧,憧,,,0
,,,1,Frequency header
虫,虫,,,0
,,,0,Frequency header
忡,忡,,,0
舂,舂,,,0
,,chou,,Pinyin header
,,,2,Frequency header
愁,愁,,,0
仇,仇,,,0
稠,稠,,,0
酬,酬,,,0
丑,丑,,,0
臭,臭,,,0
抽,抽,,,0
,,,0,Frequency header
惆,惆,,,0
瘳,瘳,,,0
簉,簉,,,0
杻,杻,,,0
犨,犨,,,0
瞅,瞅,,,0
,,chu,,Pinyin header
,,,2,Frequency header
除,除,,,0
初,初,,,0
楚,楚,,,0
出,出,,,0
矗,矗,,,0
畜,畜,,,0
,,,0,Frequency header
亍,亍,,,0
俶,俶,,,0
褚,褚,,,0
黜,黜,,,0
蜍,蜍,,,0
怵,怵,,,0
杵,杵,,,0
楮,楮,,,0
躇,躇,,,0
憷,憷,,,0
樗,樗,,,0
滁,滁,,,0
搐,搐,,,0
,,chuai,,Pinyin header
,,,1,Frequency header
揣,揣,,,0
,,,0,Frequency header
踹,踹,,,0
,,chuan,,Pinyin header
,,,2,Frequency header
川,川,,,0
船,船,,,0
串,串,,,0
喘,喘,,,0
穿,穿,,,0
,,,0,Frequency header
椽,椽,,,0
遄,遄,,,0
氚,氚,,,0
舛,舛,,,0
,,chuang,,Pinyin header
,,,2,Frequency header
窗,窗,,,0
幢,幢,,,0
,,,1,Frequency header
床,床,,,0
,,,0,Frequency header
橦,橦,,,0
,,chui,,Pinyin header
,,,2,Frequency header
吹,吹,,,0
垂,垂,,,0
,,,1,Frequency header
炊,炊,,,0
捶,捶,,,0
,,,0,Frequency header
陲,陲,,,0
棰,棰,,,0
槌,槌,,,0
,,chun,,Pinyin header
,,,2,Frequency header
春,春,,,0
醇,醇,,,0
蠢,蠢,,,0
,,,1,Frequency header
淳,淳,,,0
,,,0,Frequency header
唇,唇,,,0
椿,椿,,,0
,,chuo,,Pinyin header
,,,1,Frequency header
戳,戳,,,0
,,,0,Frequency header
啜,啜,,,0
,,ci,,Pinyin header
,,,2,Frequency header
刺,刺,,,0
此,此,,,0
慈,慈,,,0
次,次,,,0
磁,磁,,,0
瓷,瓷,,,0
雌,雌,,,0
,,,1,Frequency header
祠,祠,,,0
,,,0,Frequency header
糍,糍,,,0
趑,趑,,,0
疵,疵,,,0
跐,跐,,,0
茨,茨,,,0
泚,泚,,,0
,,cong,,Pinyin header
,,,2,Frequency header
囱,囱,,,0
匆,匆,,,0
葱,葱,,,0
,,,0,Frequency header
璁,璁,,,0
琮,琮,,,0
淙,淙,,,0
,,cou,,Pinyin header
,,,0,Frequency header
腠,腠,,,0
,,cu,,Pinyin header
,,,2,Frequency header
醋,醋,,,0
粗,粗,,,0
促,促,,,0
簇,簇,,,0
,,,0,Frequency header
蔟,蔟,,,0
槭,槭,,,0
殂,殂,,,0
蹴,蹴,,,0
猝,猝,,,0
蹙,蹙,,,0
徂,徂,,,0
,,cuan,,Pinyin header
,,,1,Frequency header
篡,篡,,,0
,,,0,Frequency header
爨,爨,,,0
汆,汆,,,0
,,cui,,Pinyin header
,,,2,Frequency header
摧,摧,,,0
悴,悴,,,0
脆,脆,,,0
翠,翠,,,0
粹,粹,,,0
催,催,,,0
,,,1,Frequency header
崔,崔,,,0
,,,0,Frequency header
啐,啐,,,0
毳,毳,,,0
萃,萃,,,0
淬,淬,,,0
瘁,瘁,,,0
璀,璀,,,0
,,cun,,Pinyin header
,,,2,Frequency header
村,村,,,0
寸,寸,,,0
存,存,,,0
,,,0,Frequency header
忖,忖,,,0
皴,皴,,,0
,,cuo,,Pinyin header
,,,2,Frequency header
挫,挫,,,0
措,措,,,0
搓,搓,,,0
磋,磋,,,0
,,,1,Frequency header
撮,撮,,,0
,,,0,Frequency header
脞,脞,,,0
蹉,蹉,,,0
厝,厝,,,0
矬,矬,,,0
嵯,嵯,,,0
痤,痤,,,0
,,da,,Pinyin header
,,,2,Frequency header
搭,搭,,,0
打,打,,,0
答,答,,,0
大,大,,,0
,,,1,Frequency header
瘩,瘩,,,0
,,,0,Frequency header
耷,耷,,,0
靼,靼,,,0
笪,笪,,,0
炟,炟,,,0
妲,妲,,,0
褡,褡,,,0
怛,怛,,,0
,,dai,,Pinyin header
,,,2,Frequency header
代,代,,,0
逮,逮,,,0
呆,呆,,,0
歹,歹,,,0
戴,戴,,,0
袋,袋,,,0
殆,殆,,,0
怠,怠,,,0
待,待,,,0
,,,0,Frequency header
迨,迨,,,0
岱,岱,,,0
甙,甙,,,0
傣,傣,,,0
玳,玳,,,0
呔,呔,,,0
埭,埭,,,0
黛,黛,,,0
,,dan,,Pinyin header
,,,2,Frequency header
耽,耽,,,0
旦,旦,,,0
淡,淡,,,0
蛋,蛋,,,0
但,但,,,0
丹,丹,,,0
,,,1,Frequency header
氮,氮,,,0
,,,0,Frequency header
眈,眈,,,0
啖,啖,,,0
疍,疍,,,0
亶,亶,,,0
疸,疸,,,0
澹,澹,,,0
聃,聃,,,0
萏,萏,,,0
儋,儋,,,0
,,dang,,Pinyin header
,,,0,Frequency header
菪,菪,,,0
宕,宕,,,0
,,dao,,Pinyin header
,,,2,Frequency header
刀,刀,,,0
到,到,,,0
倒,倒,,,0
悼,悼,,,0
道,道,,,0
蹈,蹈,,,0
稻,稻,,,0
,,,0,Frequency header
捯,捯,,,0
忉,忉,,,0
氘,氘,,,0
纛,纛,,,0
,,de,,Pinyin header
,,,2,Frequency header
的,的,,,0
得,得,,,0
德,德,,,0
,,,0,Frequency header
嘚,嘚,,,0
,,deng,,Pinyin header
,,,2,Frequency header
登,登,,,0
等,等,,,0
瞪,瞪,,,0
凳,凳,,,0
,,,1,Frequency header
蹬,蹬,,,0
,,,0,Frequency header
簦,簦,,,0
嶝,嶝,,,0
磴,磴,,,0
戥,戥,,,0
噔,噔,,,0
,,di,,Pinyin header
,,,2,Frequency header
笛,笛,,,0
堤,堤,,,0
迪,迪,,,0
抵,抵,,,0
滴,滴,,,0
地,地,,,0
低,低,,,0
第,第,,,0
帝,帝,,,0
弟,弟,,,0
底,底,,,0
,,,1,Frequency header
嫡,嫡,,,0
嘀,嘀,,,0
蒂,蒂,,,0
,,,0,Frequency header
踶,踶,,,0
柢,柢,,,0
菂,菂,,,0
羝,羝,,,0
邸,邸,,,0
荻,荻,,,0
骶,骶,,,0
蹢,蹢,,,0
砥,砥,,,0
碲,碲,,,0
翟,翟,,,0
娣,娣,,,0
睇,睇,,,0
狄,狄,,,0
棣,棣,,,0
氐,氐,,,0
,,dia,,Pinyin header
,,,0,Frequency header
嗲,嗲,,,0
,,dian,,Pinyin header
,,,2,Frequency header
殿,殿,,,0
惦,惦,,,0
店,店,,,0
典,典,,,0
,,,1,Frequency header
甸,甸,,,0
碘,碘,,,0
佃,佃,,,0
玷,玷,,,0
奠,奠,,,0
,,,0,Frequency header
坫,坫,,,0
靛,靛,,,0
阽,阽,,,0
掂,掂,,,0
踮,踮,,,0
滇,滇,,,0
簟,簟,,,0
癜,癜,,,0
,,diao,,Pinyin header
,,,2,Frequency header
凋,凋,,,0
雕,雕,,,0
吊,吊,,,0
叼,叼,,,0
掉,掉,,,0
,,,1,Frequency header
碉,碉,,,0
刁,刁,,,0
,,,0,Frequency header
莜,莜,,,0
貂,貂,,,0
汈,汈,,,0
,,die,,Pinyin header
,,,2,Frequency header
蝶,蝶,,,0
跌,跌,,,0
碟,碟,,,0
,,,1,Frequency header
爹,爹,,,0
,,,0,Frequency header
喋,喋,,,0
迭,迭,,,0
蹀,蹀,,,0
瓞,瓞,,,0
垤,垤,,,0
耋,耋,,,0
牒,牒,,,0
堞,堞,,,0
,,ding,,Pinyin header
,,,2,Frequency header
叮,叮,,,0
定,定,,,0
盯,盯,,,0
丁,丁,,,0
鼎,鼎,,,0
,,,0,Frequency header
仃,仃,,,0
腚,腚,,,0
疔,疔,,,0
啶,啶,,,0
碇,碇,,,0
酊,酊,,,0
玎,玎,,,0
,,dong,,Pinyin header
,,,2,Frequency header
咚,咚,,,0
懂,懂,,,0
冬,冬,,,0
董,董,,,0
洞,洞,,,0
,,,0,Frequency header
垌,垌,,,0
氡,氡,,,0
胴,胴,,,0
,,dou,,Pinyin header
,,,2,Frequency header
痘,痘,,,0
逗,逗,,,0
抖,抖,,,0
陡,陡,,,0
豆,豆,,,0
兜,兜,,,0
,,,1,Frequency header
蚪,蚪,,,0
斗,斗,,,0
,,,0,Frequency header
篼,篼,,,0
蔸,蔸,,,0
,,du,,Pinyin header
,,,2,Frequency header
度,度,,,0
妒,妒,,,0
堵,堵,,,0
睹,睹,,,0
督,督,,,0
杜,杜,,,0
渡,渡,,,0
都,都,,,0
肚,肚,,,0
毒,毒,,,0
,,,0,Frequency header
髑,髑,,,0
蠹,蠹,,,0
碡,碡,,,0
厾,厾,,,0
嘟,嘟,,,0
,,duan,,Pinyin header
,,,2,Frequency header
短,短,,,0
段,段,,,0
端,端,,,0
,,,0,Frequency header
煅,煅,,,0
簖,簖,,,0
椴,椴,,,0
,,dui,,Pinyin header
,,,2,Frequency header
堆,堆,,,0
兑,兑,,,0
,,,0,Frequency header
碓,碓,,,0
憝,憝,,,0
,,dun,,Pinyin header
,,,2,Frequency header
盾,盾,,,0
敦,敦,,,0
蹲,蹲,,,0
,,,1,Frequency header
囤,囤,,,0
盹,盹,,,0
,,,0,Frequency header
惇,惇,,,0
遁,遁,,,0
墩,墩,,,0
蹾,蹾,,,0
礅,礅,,,0
砘,砘,,,0
沌,沌,,,0
,,duo,,Pinyin header
,,,2,Frequency header
朵,朵,,,0
踱,踱,,,0
躲,躲,,,0
多,多,,,0
惰,惰,,,0
舵,舵,,,0
,,,1,Frequency header
跺,跺,,,0
,,,0,Frequency header
垛,垛,,,0
柁,柁,,,0
掇,掇,,,0
哚,哚,,,0
剁,剁,,,0
哆,哆,,,0
裰,裰,,,0
剟,剟,,,0
咄,咄,,,0
,,e,,Pinyin header
,,,2,Frequency header
厄,厄,,,0
哦,哦,,,0
,,,1,Frequency header
蛾,蛾,,,0
愕,愕,,,0
噩,噩,,,0
扼,扼,,,0
俄,俄,,,0
遏,遏,,,0
,,,0,Frequency header
娥,娥,,,0
婀,婀,,,0
屙,屙,,,0
莪,莪,,,0
萼,萼,,,0
硪,硪,,,0
呃,呃,,,0
腭,腭,,,0
胺,胺,,,0
峨,峨,,,0
鄂,鄂,,,0
苊,苊,,,0
,,en,,Pinyin header
,,,2,Frequency header
嗯,嗯,,,0
恩,恩,,,0
,,,0,Frequency header
摁,摁,,,0
蒽,蒽,,,0
,,er,,Pinyin header
,,,2,Frequency header
耳,耳,,,0
而,而,,,0
二,二,,,0
,,,0,Frequency header
佴,佴,,,0
洱,洱,,,0
珥,珥,,,0
,,fa,,Pinyin header
,,,2,Frequency header
伐,伐,,,0
法,法,,,0
乏,乏,,,0
,,,1,Frequency header
筏,筏,,,0
,,,0,Frequency header
砝,砝,,,0
垡,垡,,,0
,,fan,,Pinyin header
,,,2,Frequency header
泛,泛,,,0
繁,繁,,,0
反,反,,,0
返,返,,,0
帆,帆,,,0
凡,凡,,,0
翻,翻,,,0
番,番,,,0
犯,犯,,,0
,,,1,Frequency header
范,范,,,0
樊,樊,,,0
,,,0,Frequency header
蕃,蕃,,,0
墦,墦,,,0
藩,藩,,,0
蘩,蘩,,,0
梵,梵,,,0
璠,璠,,,0
蹯,蹯,,,0
幡,幡,,,0
燔,燔,,,0
畈,畈,,,0
,,fang,,Pinyin header
,,,2,Frequency header
方,方,,,0
防,防,,,0
仿,仿,,,0
房,房,,,0
放,放,,,0
妨,妨,,,0
坊,坊,,,0
芳,芳,,,0
肪,肪,,,0
,,,0,Frequency header
昉,昉,,,0
邡,邡,,,0
舫,舫,,,0
枋,枋,,,0
,,fei,,Pinyin header
,,,2,Frequency header
吠,吠,,,0
非,非,,,0
沸,沸,,,0
肥,肥,,,0
妃,妃,,,0
匪,匪,,,0
翡,翡,,,0
菲,菲,,,0
肺,肺,,,0
啡,啡,,,0
,,,0,Frequency header
霏,霏,,,0
腓,腓,,,0
痱,痱,,,0
狒,狒,,,0
扉,扉,,,0
篚,篚,,,0
蜚,蜚,,,0
芾,芾,,,0
悱,悱,,,0
淝,淝,,,0
榧,榧,,,0
剕,剕,,,0
斐,斐,,,0
,,fen,,Pinyin header
,,,2,Frequency header
粉,粉,,,0
分,分,,,0
吩,吩,,,0
份,份,,,0
忿,忿,,,0
氛,氛,,,0
芬,芬,,,0
焚,焚,,,0
,,,0,Frequency header
瀵,瀵,,,0
汾,汾,,,0
棼,棼,,,0
酚,酚,,,0
鼢,鼢,,,0
棻,棻,,,0
,,feng,,Pinyin header
,,,2,Frequency header
封,封,,,0
蜂,蜂,,,0
逢,逢,,,0
奉,奉,,,0
,,,1,Frequency header
峰,峰,,,0
,,,0,Frequency header
俸,俸,,,0
酆,酆,,,0
唪,唪,,,0
丰,丰,,,0
葑,葑,,,0
烽,烽,,,0
,,fo,,Pinyin header
,,,2,Frequency header
佛,佛,,,0
,,fou,,Pinyin header
,,,2,Frequency header
否,否,,,0
,,,0,Frequency header
缶,缶,,,0
,,fu,,Pinyin header
,,,2,Frequency header
浮,浮,,,0
服,服,,,0
孵,孵,,,0
伏,伏,,,0
俘,俘,,,0
福,福,,,0
府,府,,,0
副,副,,,0
腐,腐,,,0
咐,咐,,,0
赴,赴,,,0
附,附,,,0
付,付,,,0
富,富,,,0
斧,斧,,,0
俯,俯,,,0
幅,幅,,,0
腹,腹,,,0
蝠,蝠,,,0
扶,扶,,,0
符,符,,,0
父,父,,,0
覆,覆,,,0
夫,夫,,,0
傅,傅,,,0
敷,敷,,,0
袱,袱,,,0
,,,1,Frequency header
甫,甫,,,0
脯,脯,,,0
拂,拂,,,0
芙,芙,,,0
,,,0,Frequency header
馥,馥,,,0
怫,怫,,,0
蚨,蚨,,,0
腑,腑,,,0
釜,釜,,,0
涪,涪,,,0
孚,孚,,,0
趺,趺,,,0
艴,艴,,,0
桴,桴,,,0
阜,阜,,,0
黼,黼,,,0
幞,幞,,,0
匐,匐,,,0
弗,弗,,,0
跗,跗,,,0
簠,簠,,,0
莩,莩,,,0
茀,茀,,,0
呋,呋,,,0
洑,洑,,,0
拊,拊,,,0
罘,罘,,,0
莆,莆,,,0
祓,祓,,,0
茯,茯,,,0
滏,滏,,,0
苻,苻,,,0
菔,菔,,,0
黻,黻,,,0
稃,稃,,,0
氟,氟,,,0
蜉,蜉,,,0
蝮,蝮,,,0
郛,郛,,,0
,,ga,,Pinyin header
,,,0,Frequency header
嘎,嘎,,,0
尜,尜,,,0
尕,尕,,,0
尬,尬,,,0
,,gai,,Pinyin header
,,,2,Frequency header
溉,溉,,,0
改,改,,,0
概,概,,,0
丐,丐,,,0
,,,0,Frequency header
垓,垓,,,0
陔,陔,,,0
,,gan,,Pinyin header
,,,2,Frequency header
敢,敢,,,0
橄,橄,,,0
竿,竿,,,0
感,感,,,0
甘,甘,,,0
杆,杆,,,0
干,干,,,0
乾,乾,,,0
,,,1,Frequency header
肝,肝,,,0
柑,柑,,,0
,,,0,Frequency header
疳,疳,,,0
旰,旰,,,0
淦,淦,,,0
澉,澉,,,0
玕,玕,,,0
擀,擀,,,0
泔,泔,,,0
坩,坩,,,0
苷,苷,,,0
矸,矸,,,0
,,gang,,Pinyin header
,,,2,Frequency header
肛,肛,,,0
港,港,,,0
缸,缸,,,0
,,,0,Frequency header
筻,筻,,,0
罡,罡,,,0
,,gao,,Pinyin header
,,,2,Frequency header
膏,膏,,,0
糕,糕,,,0
稿,稿,,,0
告,告,,,0
高,高,,,0
搞,搞,,,0
羔,羔,,,0
,,,1,Frequency header
篙,篙,,,0
,,,0,Frequency header
藁,藁,,,0
槔,槔,,,0
杲,杲,,,0
郜,郜,,,0
槁,槁,,,0
皋,皋,,,0
,,ge,,Pinyin header
,,,2,Frequency header
割,割,,,0
葛,葛,,,0
革,革,,,0
格,格,,,0
戈,戈,,,0
胳,胳,,,0
歌,歌,,,0
哥,哥,,,0
骼,骼,,,0
隔,隔,,,0
各,各,,,0
,,,1,Frequency header
疙,疙,,,0
,,,0,Frequency header
噶,噶,,,0
咯,咯,,,0
塥,塥,,,0
嗝,嗝,,,0
舸,舸,,,0
牁,牁,,,0
虼,虼,,,0
膈,膈,,,0
圪,圪,,,0
哿,哿,,,0
,,gen,,Pinyin header
,,,2,Frequency header
跟,跟,,,0
根,根,,,0
,,,0,Frequency header
艮,艮,,,0
茛,茛,,,0
,,geng,,Pinyin header
,,,2,Frequency header
更,更,,,0
耕,耕,,,0
羹,羹,,,0
,,,1,Frequency header
耿,耿,,,0
梗,梗,,,0
埂,埂,,,0
,,,0,Frequency header
哽,哽,,,0
庚,庚,,,0
粳,粳,,,0
,,gong,,Pinyin header
,,,2,Frequency header
工,工,,,0
供,供,,,0
共,共,,,0
攻,攻,,,0
躬,躬,,,0
蚣,蚣,,,0
恭,恭,,,0
功,功,,,0
公,公,,,0
拱,拱,,,0
弓,弓,,,0
,,,1,Frequency header
汞,汞,,,0
,,,0,Frequency header
珙,珙,,,0
觥,觥,,,0
肱,肱,,,0
,,gou,,Pinyin header
,,,2,Frequency header
垢,垢,,,0
勾,勾,,,0
苟,苟,,,0
狗,狗,,,0
,,,0,Frequency header
岣,岣,,,0
骺,骺,,,0
鞲,鞲,,,0
媾,媾,,,0
彀,彀,,,0
笱,笱,,,0
遘,遘,,,0
篝,篝,,,0
,,gu,,Pinyin header
,,,2,Frequency header
谷,谷,,,0
辜,辜,,,0
股,股,,,0
姑,姑,,,0
鼓,鼓,,,0
固,固,,,0
孤,孤,,,0
古,古,,,0
故,故,,,0
估,估,,,0
骨,骨,,,0
,,,1,Frequency header
咕,咕,,,0
雇,雇,,,0
菇,菇,,,0
沽,沽,,,0
,,,0,Frequency header
罟,罟,,,0
梏,梏,,,0
蓇,蓇,,,0
蛄,蛄,,,0
牯,牯,,,0
臌,臌,,,0
菰,菰,,,0
崮,崮,,,0
汩,汩,,,0
榖,榖,,,0
痼,痼,,,0
觚,觚,,,0
嘏,嘏,,,0
酤,酤,,,0
呱,呱,,,0
瞽,瞽,,,0
箍,箍,,,0
堌,堌,,,0
,,gua,,Pinyin header
,,,2,Frequency header
瓜,瓜,,,0
刮,刮,,,0
卦,卦,,,0
寡,寡,,,0
,,,1,Frequency header
褂,褂,,,0
,,,0,Frequency header
栝,栝,,,0
聒,聒,,,0
胍,胍,,,0
挂,挂,,,0
,,guai,,Pinyin header
,,,2,Frequency header
拐,拐,,,0
乖,乖,,,0
怪,怪,,,0
,,,0,Frequency header
夬,夬,,,0
,,guan,,Pinyin header
,,,2,Frequency header
冠,冠,,,0
管,管,,,0
官,官,,,0
灌,灌,,,0
罐,罐,,,0
,,,1,Frequency header
棺,棺,,,0
,,,0,Frequency header
倌,倌,,,0
琯,琯,,,0
涫,涫,,,0
脘,脘,,,0
瓘,瓘,,,0
莞,莞,,,0
祼,祼,,,0
盥,盥,,,0
,,guang,,Pinyin header
,,,2,Frequency header
逛,逛,,,0
光,光,,,0
,,,0,Frequency header
胱,胱,,,0
咣,咣,,,0
桄,桄,,,0
,,gui,,Pinyin header
,,,2,Frequency header
跪,跪,,,0
瑰,瑰,,,0
鬼,鬼,,,0
桂,桂,,,0
,,,1,Frequency header
傀,傀,,,0
,,,0,Frequency header
晷,晷,,,0
炔,炔,,,0
姽,姽,,,0
簋,簋,,,0
皈,皈,,,0
庋,庋,,,0
邽,邽,,,0
圭,圭,,,0
硅,硅,,,0
癸,癸,,,0
鬹,鬹,,,0
宄,宄,,,0
,,gun,,Pinyin header
,,,2,Frequency header
棍,棍,,,0
,,,0,Frequency header
磙,磙,,,0
,,guo,,Pinyin header
,,,2,Frequency header
果,果,,,0
裹,裹,,,0
,,,1,Frequency header
郭,郭,,,0
,,,0,Frequency header
虢,虢,,,0
蜾,蜾,,,0
猓,猓,,,0
崞,崞,,,0
馘,馘,,,0
,,ha,,Pinyin header
,,,2,Frequency header
哈,哈,,,0
,,,1,Frequency header
蛤,蛤,,,0
,,hai,,Pinyin header
,,,2,Frequency header
骸,骸,,,0
海,海,,,0
孩,孩,,,0
害,害,,,0
,,,1,Frequency header
亥,亥,,,0
,,,0,Frequency header
氦,氦,,,0
胲,胲,,,0
醢,醢,,,0
嗨,嗨,,,0
,,han,,Pinyin header
,,,2,Frequency header
酣,酣,,,0
汗,汗,,,0
寒,寒,,,0
涵,涵,,,0
撼,撼,,,0
含,含,,,0
鼾,鼾,,,0
喊,喊,,,0
函,函,,,0
旱,旱,,,0
憾,憾,,,0
,,,1,Frequency header
焊,焊,,,0
翰,翰,,,0
捍,捍,,,0
悍,悍,,,0
罕,罕,,,0
,,,0,Frequency header
焓,焓,,,0
蚶,蚶,,,0
憨,憨,,,0
邯,邯,,,0
邗,邗,,,0
晗,晗,,,0
菡,菡,,,0
瀚,瀚,,,0
,,hang,,Pinyin header
,,,2,Frequency header
航,航,,,0
,,,1,Frequency header
吭,吭,,,0
杭,杭,,,0
,,,0,Frequency header
夯,夯,,,0
酐,酐,,,0
沆,沆,,,0
,,hao,,Pinyin header
,,,2,Frequency header
浩,浩,,,0
好,好,,,0
豪,豪,,,0
毫,毫,,,0
耗,耗,,,0
,,,1,Frequency header
蒿,蒿,,,0
嚎,嚎,,,0
壕,壕,,,0
,,,0,Frequency header
淏,淏,,,0
嗥,嗥,,,0
濠,濠,,,0
昊,昊,,,0
皓,皓,,,0
郝,郝,,,0
薅,薅,,,0
嚆,嚆,,,0
,,he,,Pinyin header
,,,2,Frequency header
呵,呵,,,0
盒,盒,,,0
核,核,,,0
河,河,,,0
荷,荷,,,0
喝,喝,,,0
何,何,,,0
合,合,,,0
和,和,,,0
禾,禾,,,0
,,,1,Frequency header
褐,褐,,,0
赫,赫,,,0
,,,0,Frequency header
劾,劾,,,0
涸,涸,,,0
翯,翯,,,0
蚵,蚵,,,0
鞨,鞨,,,0
耠,耠,,,0
壑,壑,,,0
貉,貉,,,0
曷,曷,,,0
翮,翮,,,0
盍,盍,,,0
嗬,嗬,,,0
菏,菏,,,0
盉,盉,,,0
,,hei,,Pinyin header
,,,2,Frequency header
嘿,嘿,,,0
黑,黑,,,0
,,hen,,Pinyin header
,,,2,Frequency header
痕,痕,,,0
恨,恨,,,0
很,很,,,0
狠,狠,,,0
,,,0,Frequency header
哏,哏,,,0
,,heng,,Pinyin header
,,,2,Frequency header
亨,亨,,,0
衡,衡,,,0
哼,哼,,,0
,,,0,Frequency header
珩,珩,,,0
桁,桁,,,0
蘅,蘅,,,0
恒,恒,,,0
,,hong,,Pinyin header
,,,2,Frequency header
弘,弘,,,0
宏,宏,,,0
烘,烘,,,0
虹,虹,,,0
洪,洪,,,0
哄,哄,,,0
,,,0,Frequency header
蕻,蕻,,,0
竑,竑,,,0
薨,薨,,,0
泓,泓,,,0
葓,葓,,,0
訇,訇,,,0
,,hou,,Pinyin header
,,,2,Frequency header
后,后,,,0
喉,喉,,,0
厚,厚,,,0
猴,猴,,,0
吼,吼,,,0
侯,侯,,,0
候,候,,,0
,,,0,Frequency header
逅,逅,,,0
齁,齁,,,0
郈,郈,,,0
瘊,瘊,,,0
篌,篌,,,0
堠,堠,,,0
,,hu,,Pinyin header
,,,2,Frequency header
户,户,,,0
葫,葫,,,0
忽,忽,,,0
弧,弧,,,0
虎,虎,,,0
互,互,,,0
惚,惚,,,0
乎,乎,,,0
蝴,蝴,,,0
瑚,瑚,,,0
糊,糊,,,0
胡,胡,,,0
呼,呼,,,0
狐,狐,,,0
湖,湖,,,0
,,,1,Frequency header
唬,唬,,,0
,,,0,Frequency header
猢,猢,,,0
怙,怙,,,0
觳,觳,,,0
唿,唿,,,0
祜,祜,,,0
笏,笏,,,0
瓠,瓠,,,0
醐,醐,,,0
扈,扈,,,0
岵,岵,,,0
烀,烀,,,0
戽,戽,,,0
斛,斛,,,0
槲,槲,,,0
滹,滹,,,0
琥,琥,,,0
囫,囫,,,0
煳,煳,,,0
,,hua,,Pinyin header
,,,2,Frequency header
划,划,,,0
化,化,,,0
滑,滑,,,0
猾,猾,,,0
花,花,,,0
,,huai,,Pinyin header
,,,2,Frequency header
徊,徊,,,0
,,,1,Frequency header
槐,槐,,,0
坏,坏,,,0
淮,淮,,,0
,,,0,Frequency header
踝,踝,,,0
孬,孬,,,0
耲,耲,,,0
,,huan,,Pinyin header
,,,2,Frequency header
患,患,,,0
幻,幻,,,0
,,,1,Frequency header
宦,宦,,,0
,,,0,Frequency header
澴,澴,,,0
鬟,鬟,,,0
洹,洹,,,0
萑,萑,,,0
垸,垸,,,0
逭,逭,,,0
漶,漶,,,0
寰,寰,,,0
桓,桓,,,0
豢,豢,,,0
擐,擐,,,0
獾,獾,,,0
,,huang,,Pinyin header
,,,2,Frequency header
煌,煌,,,0
皇,皇,,,0
惶,惶,,,0
凰,凰,,,0
恍,恍,,,0
慌,慌,,,0
晃,晃,,,0
荒,荒,,,0
,,,1,Frequency header
蝗,蝗,,,0
幌,幌,,,0
,,,0,Frequency header
遑,遑,,,0
喤,喤,,,0
隍,隍,,,0
簧,簧,,,0
蟥,蟥,,,0
徨,徨,,,0
潢,潢,,,0
篁,篁,,,0
湟,湟,,,0
磺,磺,,,0
璜,璜,,,0
肓,肓,,,0
塃,塃,,,0
癀,癀,,,0
,,hui,,Pinyin header
,,,2,Frequency header
慧,慧,,,0
彗,彗,,,0
徽,徽,,,0
惠,惠,,,0
回,回,,,0
灰,灰,,,0
卉,卉,,,0
悔,悔,,,0
恢,恢,,,0
,,,1,Frequency header
晦,晦,,,0
蛔,蛔,,,0
茴,茴,,,0
,,,0,Frequency header
隳,隳,,,0
喙,喙,,,0
蟪,蟪,,,0
蝰,蝰,,,0
恚,恚,,,0
咴,咴,,,0
麾,麾,,,0
蕙,蕙,,,0
洄,洄,,,0
虺,虺,,,0
,,hun,,Pinyin header
,,,2,Frequency header
混,混,,,0
婚,婚,,,0
魂,魂,,,0
昏,昏,,,0
,,,0,Frequency header
溷,溷,,,0
,,huo,,Pinyin header
,,,2,Frequency header
火,火,,,0
惑,惑,,,0
夥,夥,,,0
伙,伙,,,0
或,或,,,0
活,活,,,0
霍,霍,,,0
,,,1,Frequency header
豁,豁,,,0
,,,0,Frequency header
嚯,嚯,,,0
劐,劐,,,0
砉,砉,,,0
藿,藿,,,0
蠖,蠖,,,0
攉,攉,,,0
嚄,嚄,,,0
,,ji,,Pinyin header
,,,2,Frequency header
祭,祭,,,0
己,己,,,0
寂,寂,,,0
畸,畸,,,0
既,既,,,0
忌,忌,,,0
集,集,,,0
技,技,,,0
肌,肌,,,0
寄,寄,,,0
季,季,,,0
即,即,,,0
疾,疾,,,0
脊,脊,,,0
嫉,嫉,,,0
稽,稽,,,0
籍,籍,,,0
急,急,,,0
基,基,,,0
圾,圾,,,0
激,激,,,0
吉,吉,,,0
及,及,,,0
,,,1,Frequency header
唧,唧,,,0
几,几,,,0
冀,冀,,,0
箕,箕,,,0
妓,妓,,,0
棘,棘,,,0
,,,0,Frequency header
嵴,嵴,,,0
蕺,蕺,,,0
墼,墼,,,0
楫,楫,,,0
亟,亟,,,0
檵,檵,,,0
屐,屐,,,0
笈,笈,,,0
跽,跽,,,0
罽,罽,,,0
悸,悸,,,0
芨,芨,,,0
穄,穄,,,0
佶,佶,,,0
伎,伎,,,0
姞,姞,,,0
咭,咭,,,0
麂,麂,,,0
姬,姬,,,0
洎,洎,,,0
戟,戟,,,0
瘠,瘠,,,0
岌,岌,,,0
稷,稷,,,0
塈,塈,,,0
暨,暨,,,0
戢,戢,,,0
蹐,蹐,,,0
汲,汲,,,0
畿,畿,,,0
乩,乩,,,0
髻,髻,,,0
嵇,嵇,,,0
垍,垍,,,0
伋,伋,,,0
笄,笄,,,0
犄,犄,,,0
掎,掎,,,0
殛,殛,,,0
剞,剞,,,0
蒺,蒺,,,0
芰,芰,,,0
,,jia,,Pinyin header
,,,2,Frequency header
甲,甲,,,0
稼,稼,,,0
家,家,,,0
嫁,嫁,,,0
佳,佳,,,0
加,加,,,0
假,假,,,0
嘉,嘉,,,0
架,架,,,0
,,,0,Frequency header
斝,斝,,,0
胛,胛,,,0
枷,枷,,,0
袈,袈,,,0
跏,跏,,,0
珈,珈,,,0
迦,迦,,,0
葭,葭,,,0
恝,恝,,,0
岬,岬,,,0
笳,笳,,,0
戛,戛,,,0
痂,痂,,,0
,,jian,,Pinyin header
,,,2,Frequency header
建,建,,,0
煎,煎,,,0
毽,毽,,,0
健,健,,,0
箭,箭,,,0
剪,剪,,,0
兼,兼,,,0
奸,奸,,,0
件,件,,,0
尖,尖,,,0
肩,肩,,,0
,,,1,Frequency header
荐,荐,,,0
柬,柬,,,0
,,,0,Frequency header
牮,牮,,,0
趼,趼,,,0
踺,踺,,,0
湔,湔,,,0
楗,楗,,,0
謇,謇,,,0
囝,囝,,,0
犍,犍,,,0
僭,僭,,,0
翦,翦,,,0
腱,腱,,,0
搛,搛,,,0
菅,菅,,,0
蹇,蹇,,,0
蒹,蒹,,,0
,,jiang,,Pinyin header
,,,2,Frequency header
疆,疆,,,0
江,江,,,0
匠,匠,,,0
僵,僵,,,0
降,降,,,0
,,,1,Frequency header
姜,姜,,,0
,,,0,Frequency header
茳,茳,,,0
豇,豇,,,0
耩,耩,,,0
膙,膙,,,0
糨,糨,,,0
洚,洚,,,0
礓,礓,,,0
犟,犟,,,0
襁,襁,,,0
,,jiao,,Pinyin header
,,,2,Frequency header
皎,皎,,,0
叫,叫,,,0
角,角,,,0
教,教,,,0
狡,狡,,,0
郊,郊,,,0
交,交,,,0
嚼,嚼,,,0
焦,焦,,,0
蕉,蕉,,,0
,,,1,Frequency header
酵,酵,,,0
礁,礁,,,0
椒,椒,,,0
剿,剿,,,0
窖,窖,,,0
,,,0,Frequency header
峧,峧,,,0
徼,徼,,,0
噍,噍,,,0
湫,湫,,,0
蛟,蛟,,,0
姣,姣,,,0
敫,敫,,,0
茭,茭,,,0
佼,佼,,,0
跤,跤,,,0
僬,僬,,,0
醮,醮,,,0
滘,滘,,,0
,,jie,,Pinyin header
,,,2,Frequency header
戒,戒,,,0
借,借,,,0
皆,皆,,,0
姐,姐,,,0
街,街,,,0
藉,藉,,,0
截,截,,,0
劫,劫,,,0
解,解,,,0
接,接,,,0
桔,桔,,,0
竭,竭,,,0
介,介,,,0
界,界,,,0
揭,揭,,,0
捷,捷,,,0
,,,1,Frequency header
杰,杰,,,0
芥,芥,,,0
,,,0,Frequency header
睫,睫,,,0
拮,拮,,,0
湝,湝,,,0
婕,婕,,,0
喈,喈,,,0
葜,葜,,,0
孑,孑,,,0
偈,偈,,,0
鎅,鎅,,,0
嗟,嗟,,,0
蚧,蚧,,,0
玠,玠,,,0
碣,碣,,,0
桀,桀,,,0
羯,羯,,,0
秸,秸,,,0
疥,疥,,,0
,,jin,,Pinyin header
,,,2,Frequency header
金,金,,,0
禁,禁,,,0
浸,浸,,,0
今,今,,,0
近,近,,,0
筋,筋,,,0
襟,襟,,,0
津,津,,,0
巾,巾,,,0
斤,斤,,,0
,,,0,Frequency header
堇,堇,,,0
瑾,瑾,,,0
卺,卺,,,0
祲,祲,,,0
殣,殣,,,0
噤,噤,,,0
浕,浕,,,0
妗,妗,,,0
槿,槿,,,0
衿,衿,,,0
矜,矜,,,0
靳,靳,,,0
,,jing,,Pinyin header
,,,2,Frequency header
敬,敬,,,0
景,景,,,0
京,京,,,0
晶,晶,,,0
憬,憬,,,0
阱,阱,,,0
竟,竟,,,0
警,警,,,0
睛,睛,,,0
井,井,,,0
精,精,,,0
境,境,,,0
,,,1,Frequency header
靖,靖,,,0
兢,兢,,,0
,,,0,Frequency header
璟,璟,,,0
鼱,鼱,,,0
獍,獍,,,0
猄,猄,,,0
箐,箐,,,0
肼,肼,,,0
菁,菁,,,0
旌,旌,,,0
儆,儆,,,0
腈,腈,,,0
婧,婧,,,0
倞,倞,,,0
,,jiong,,Pinyin header
,,,1,Frequency header
窘,窘,,,0
,,,0,Frequency header
炯,炯,,,0
垧,垧,,,0
扃,扃,,,0
炅,炅,,,0
迥,迥,,,0
,,jiu,,Pinyin header
,,,2,Frequency header
舅,舅,,,0
赳,赳,,,0
灸,灸,,,0
酒,酒,,,0
究,究,,,0
救,救,,,0
九,九,,,0
就,就,,,0
玖,玖,,,0
久,久,,,0
,,,1,Frequency header
臼,臼,,,0
揪,揪,,,0
韭,韭,,,0
疚,疚,,,0
,,,0,Frequency header
僦,僦,,,0
啾,啾,,,0
柩,柩,,,0
鬏,鬏,,,0
桕,桕,,,0
咎,咎,,,0
,,ju,,Pinyin header
,,,2,Frequency header
居,居,,,0
拘,拘,,,0
局,局,,,0
具,具,,,0
俱,俱,,,0
聚,聚,,,0
句,句,,,0
咀,咀,,,0
拒,拒,,,0
矩,矩,,,0
鞠,鞠,,,0
巨,巨,,,0
菊,菊,,,0
炬,炬,,,0
距,距,,,0
,,,1,Frequency header
橘,橘,,,0
沮,沮,,,0
,,,0,Frequency header
腒,腒,,,0
琚,琚,,,0
趄,趄,,,0
犋,犋,,,0
据,据,,,0
焗,焗,,,0
遽,遽,,,0
醵,醵,,,0
椐,椐,,,0
狙,狙,,,0
鞫,鞫,,,0
裾,裾,,,0
倨,倨,,,0
踽,踽,,,0
枸,枸,,,0
蒟,蒟,,,0
瞿,瞿,,,0
疽,疽,,,0
雎,雎,,,0
苣,苣,,,0
泃,泃,,,0
莒,莒,,,0
掬,掬,,,0
苴,苴,,,0
菹,菹,,,0
踞,踞,,,0
,,juan,,Pinyin header
,,,2,Frequency header
倦,倦,,,0
捐,捐,,,0
卷,卷,,,0
,,,1,Frequency header
眷,眷,,,0
,,,0,Frequency header
桊,桊,,,0
蠲,蠲,,,0
狷,狷,,,0
涓,涓,,,0
娟,娟,,,0
鄄,鄄,,,0
,,jue,,Pinyin header
,,,2,Frequency header
倔,倔,,,0
掘,掘,,,0
爵,爵,,,0
崛,崛,,,0
,,,0,Frequency header
獗,獗,,,0
觖,觖,,,0
撅,撅,,,0
劂,劂,,,0
蕨,蕨,,,0
蹶,蹶,,,0
噱,噱,,,0
蠼,蠼,,,0
橛,橛,,,0
厥,厥,,,0
爝,爝,,,0
潏,潏,,,0
矍,矍,,,0
桷,桷,,,0
玦,玦,,,0
孓,孓,,,0
抉,抉,,,0
攫,攫,,,0
,,jun,,Pinyin header
,,,2,Frequency header
菌,菌,,,0
竣,竣,,,0
君,君,,,0
郡,郡,,,0
均,均,,,0
峻,峻,,,0
俊,俊,,,0
,,,0,Frequency header
焌,焌,,,0
浚,浚,,,0
睃,睃,,,0
捃,捃,,,0
畯,畯,,,0
麇,麇,,,0
莙,莙,,,0
,,ka,,Pinyin header
,,,2,Frequency header
咖,咖,,,0
,,,0,Frequency header
髂,髂,,,0
喀,喀,,,0
咔,咔,,,0
胩,胩,,,0
,,kai,,Pinyin header
,,,2,Frequency header
慨,慨,,,0
,,,1,Frequency header
揩,揩,,,0
楷,楷,,,0
,,,0,Frequency header
蒈,蒈,,,0
,,kan,,Pinyin header
,,,2,Frequency header
瞰,瞰,,,0
看,看,,,0
刊,刊,,,0
堪,堪,,,0
砍,砍,,,0
,,,1,Frequency header
坎,坎,,,0
勘,勘,,,0
,,,0,Frequency header
戡,戡,,,0
墈,墈,,,0
崁,崁,,,0
莰,莰,,,0
侃,侃,,,0
,,kang,,Pinyin header
,,,2,Frequency header
扛,扛,,,0
康,康,,,0
慷,慷,,,0
抗,抗,,,0
,,,1,Frequency header
炕,炕,,,0
糠,糠,,,0
,,,0,Frequency header
伉,伉,,,0
亢,亢,,,0
,,kao,,Pinyin header
,,,2,Frequency header
靠,靠,,,0
烤,烤,,,0
考,考,,,0
,,,1,Frequency header
拷,拷,,,0
,,,0,Frequency header
尻,尻,,,0
犒,犒,,,0
栲,栲,,,0
,,ke,,Pinyin header
,,,2,Frequency header
渴,渴,,,0
客,客,,,0
克,克,,,0
科,科,,,0
棵,棵,,,0
刻,刻,,,0
苛,苛,,,0
咳,咳,,,0
瞌,瞌,,,0
可,可,,,0
,,,1,Frequency header
蝌,蝌,,,0
坷,坷,,,0
磕,磕,,,0
,,,0,Frequency header
窠,窠,,,0
髁,髁,,,0
珂,珂,,,0
柯,柯,,,0
疴,疴,,,0
嗑,嗑,,,0
溘,溘,,,0
稞,稞,,,0
岢,岢,,,0
恪,恪,,,0
氪,氪,,,0
,,ken,,Pinyin header
,,,2,Frequency header
啃,啃,,,0
肯,肯,,,0
,,,0,Frequency header
裉,裉,,,0
,,keng,,Pinyin header
,,,2,Frequency header
坑,坑,,,0
,,kong,,Pinyin header
,,,2,Frequency header
孔,孔,,,0
恐,恐,,,0
空,空,,,0
控,控,,,0
,,,0,Frequency header
箜,箜,,,0
崆,崆,,,0
倥,倥,,,0
,,kou,,Pinyin header
,,,2,Frequency header
口,口,,,0
扣,扣,,,0
,,,1,Frequency header
寇,寇,,,0
,,,0,Frequency header
佝,佝,,,0
筘,筘,,,0
蔻,蔻,,,0
叩,叩,,,0
,,ku,,Pinyin header
,,,2,Frequency header
哭,哭,,,0
酷,酷,,,0
苦,苦,,,0
枯,枯,,,0
窟,窟,,,0
,,,0,Frequency header
骷,骷,,,0
矻,矻,,,0
挎,挎,,,0
刳,刳,,,0
,,kua,,Pinyin header
,,,2,Frequency header
垮,垮,,,0
跨,跨,,,0
,,,1,Frequency header
夸,夸,,,0
,,,0,Frequency header
胯,胯,,,0
侉,侉,,,0
,,kuai,,Pinyin header
,,,2,Frequency header
快,快,,,0
筷,筷,,,0
,,,0,Frequency header
蒯,蒯,,,0
,,kuan,,Pinyin header
,,,2,Frequency header
款,款,,,0
,,kuang,,Pinyin header
,,,2,Frequency header
筐,筐,,,0
狂,狂,,,0
框,框,,,0
眶,眶,,,0
,,,0,Frequency header
哐,哐,,,0
匡,匡,,,0
夼,夼,,,0
,,kui,,Pinyin header
,,,2,Frequency header
愧,愧,,,0
葵,葵,,,0
,,,1,Frequency header
魁,魁,,,0
盔,盔,,,0
,,,0,Frequency header
揆,揆,,,0
喹,喹,,,0
奎,奎,,,0
悝,悝,,,0
馗,馗,,,0
睽,睽,,,0
跬,跬,,,0
暌,暌,,,0
喟,喟,,,0
逵,逵,,,0
夔,夔,,,0
,,kun,,Pinyin header
,,,2,Frequency header
昆,昆,,,0
捆,捆,,,0
困,困,,,0
,,,1,Frequency header
坤,坤,,,0
,,,0,Frequency header
髡,髡,,,0
悃,悃,,,0
琨,琨,,,0
醌,醌,,,0
焜,焜,,,0
,,kuo,,Pinyin header
,,,2,Frequency header
括,括,,,0
,,,1,Frequency header
廓,廓,,,0
,,,0,Frequency header
蛞,蛞,,,0
,,la,,Pinyin header
,,,2,Frequency header
垃,垃,,,0
喇,喇,,,0
辣,辣,,,0
拉,拉,,,0
啦,啦,,,0
,,,0,Frequency header
瘌,瘌,,,0
邋,邋,,,0
剌,剌,,,0
鞡,鞡,,,0
,,lan,,Pinyin header
,,,0,Frequency header
婪,婪,,,0
啉,啉,,,0
漤,漤,,,0
,,lang,,Pinyin header
,,,2,Frequency header
螂,螂,,,0
郎,郎,,,0
朗,朗,,,0
狼,狼,,,0
廊,廊,,,0
浪,浪,,,0
,,,1,Frequency header
琅,琅,,,0
榔,榔,,,0
,,,0,Frequency header
烺,烺,,,0
稂,稂,,,0
莨,莨,,,0
蒗,蒗,,,0
啷,啷,,,0
踉,踉,,,0
,,lao,,Pinyin header
,,,2,Frequency header
佬,佬,,,0
牢,牢,,,0
潦,潦,,,0
酪,酪,,,0
老,老,,,0
,,,0,Frequency header
耢,耢,,,0
醪,醪,,,0
栳,栳,,,0
嫪,嫪,,,0
,,le,,Pinyin header
,,,2,Frequency header
了,了,,,0
勒,勒,,,0
,,,0,Frequency header
叻,叻,,,0
捋,捋,,,0
仂,仂,,,0
泐,泐,,,0
,,lei,,Pinyin header
,,,2,Frequency header
擂,擂,,,0
蕾,蕾,,,0
雷,雷,,,0
累,累,,,0
,,,1,Frequency header
儡,儡,,,0
肋,肋,,,0
,,,0,Frequency header
嫘,嫘,,,0
羸,羸,,,0
檑,檑,,,0
埒,埒,,,0
磊,磊,,,0
嘞,嘞,,,0
酹,酹,,,0
礌,礌,,,0
耒,耒,,,0
,,leng,,Pinyin header
,,,2,Frequency header
冷,冷,,,0
愣,愣,,,0
,,,1,Frequency header
楞,楞,,,0
,,,0,Frequency header
塄,塄,,,0
,,li,,Pinyin header
,,,2,Frequency header
立,立,,,0
黎,黎,,,0
例,例,,,0
罹,罹,,,0
哩,哩,,,0
荔,荔,,,0
狸,狸,,,0
利,利,,,0
璃,璃,,,0
俐,俐,,,0
力,力,,,0
理,理,,,0
里,里,,,0
粒,粒,,,0
喱,喱,,,0
梨,梨,,,0
李,李,,,0
,,,1,Frequency header
吏,吏,,,0
漓,漓,,,0
犁,犁,,,0
痢,痢,,,0
厘,厘,,,0
莉,莉,,,0
栗,栗,,,0
,,,0,Frequency header
澧,澧,,,0
藜,藜,,,0
傈,傈,,,0
蜊,蜊,,,0
戾,戾,,,0
篥,篥,,,0
詈,詈,,,0
鬲,鬲,,,0
笠,笠,,,0
俚,俚,,,0
蠡,蠡,,,0
猁,猁,,,0
唳,唳,,,0
溧,溧,,,0
娌,娌,,,0
嫠,嫠,,,0
黧,黧,,,0
醴,醴,,,0
,,lian,,Pinyin header
,,,2,Frequency header
廉,廉,,,0
,,,1,Frequency header
帘,帘,,,0
,,,0,Frequency header
楝,楝,,,0
蠊,蠊,,,0
臁,臁,,,0
膦,膦,,,0
濂,濂,,,0
,,liang,,Pinyin header
,,,2,Frequency header
良,良,,,0
亮,亮,,,0
量,量,,,0
,,,1,Frequency header
粱,粱,,,0
梁,梁,,,0
,,,0,Frequency header
椋,椋,,,0
悢,悢,,,0
晾,晾,,,0
,,liao,,Pinyin header
,,,2,Frequency header
料,料,,,0
聊,聊,,,0
嘹,嘹,,,0
瞭,瞭,,,0
,,,1,Frequency header
燎,燎,,,0
寥,寥,,,0
僚,僚,,,0
撩,撩,,,0
,,,0,Frequency header
暸,暸,,,0
撂,撂,,,0
廖,廖,,,0
蹽,蹽,,,0
獠,獠,,,0
尥,尥,,,0
寮,寮,,,0
蓼,蓼,,,0
,,lie,,Pinyin header
,,,2,Frequency header
劣,劣,,,0
烈,烈,,,0
列,列,,,0
裂,裂,,,0
捩,捩,,,0
,,,1,Frequency header
咧,咧,,,0
,,,0,Frequency header
洌,洌,,,0
鬣,鬣,,,0
冽,冽,,,0
趔,趔,,,0
躐,躐,,,0
,,lin,,Pinyin header
,,,2,Frequency header
吝,吝,,,0
淋,淋,,,0
林,林,,,0
琳,琳,,,0
,,,1,Frequency header
磷,磷,,,0
,,,0,Frequency header
遴,遴,,,0
璘,璘,,,0
瞵,瞵,,,0
粼,粼,,,0
嶙,嶙,,,0
麟,麟,,,0
霖,霖,,,0
,,ling,,Pinyin header
,,,2,Frequency header
陵,陵,,,0
令,令,,,0
伶,伶,,,0
零,零,,,0
菱,菱,,,0
拎,拎,,,0
凌,凌,,,0
另,另,,,0
聆,聆,,,0
,,,1,Frequency header
玲,玲,,,0
翎,翎,,,0
,,,0,Frequency header
呤,呤,,,0
羚,羚,,,0
苓,苓,,,0
柃,柃,,,0
瓴,瓴,,,0
泠,泠,,,0
酃,酃,,,0
蛉,蛉,,,0
囹,囹,,,0
祾,祾,,,0
,,liu,,Pinyin header
,,,2,Frequency header
留,留,,,0
榴,榴,,,0
瘤,瘤,,,0
流,流,,,0
六,六,,,0
柳,柳,,,0
溜,溜,,,0
,,,1,Frequency header
硫,硫,,,0
琉,琉,,,0
,,,0,Frequency header
鎏,鎏,,,0
旒,旒,,,0
遛,遛,,,0
骝,骝,,,0
熘,熘,,,0
蹓,蹓,,,0
,,long,,Pinyin header
,,,2,Frequency header
隆,隆,,,0
,,,1,Frequency header
窿,窿,,,0
,,,0,Frequency header
癃,癃,,,0
,,lou,,Pinyin header
,,,2,Frequency header
陋,陋,,,0
漏,漏,,,0
,,,0,Frequency header
剅,剅,,,0
,,lu,,Pinyin header
,,,2,Frequency header
鹿,鹿,,,0
露,露,,,0
路,路,,,0
麓,麓,,,0
碌,碌,,,0
,,,0,Frequency header
簏,簏,,,0
逯,逯,,,0
戮,戮,,,0
僇,僇,,,0
璐,璐,,,0
甪,甪,,,0
漉,漉,,,0
潞,潞,,,0
,,luan,,Pinyin header
,,,2,Frequency header
卵,卵,,,0
,,luo,,Pinyin header
,,,2,Frequency header
洛,洛,,,0
裸,裸,,,0
螺,螺,,,0
落,落,,,0
,,,1,Frequency header
烙,烙,,,0
,,,0,Frequency header
摞,摞,,,0
瘰,瘰,,,0
雒,雒,,,0
蠃,蠃,,,0
硌,硌,,,0
袼,袼,,,0
珞,珞,,,0
,,lv,,Pinyin header
,,,2,Frequency header
旅,旅,,,0
履,履,,,0
律,律,,,0
率,率,,,0
,,,1,Frequency header
氯,氯,,,0
,,,0,Frequency header
膂,膂,,,0
稆,稆,,,0
,,lve,,Pinyin header
,,,2,Frequency header
掠,掠,,,0
略,略,,,0
,,ma,,Pinyin header
,,,2,Frequency header
嘛,嘛,,,0
麻,麻,,,0
,,,1,Frequency header
蟆,蟆,,,0
,,mai,,Pinyin header
,,,2,Frequency header
埋,埋,,,0
,,,0,Frequency header
霾,霾,,,0
,,man,,Pinyin header
,,,2,Frequency header
漫,漫,,,0
慢,慢,,,0
蔓,蔓,,,0
,,,1,Frequency header
曼,曼,,,0
幔,幔,,,0
,,,0,Frequency header
嫚,嫚,,,0
墁,墁,,,0
,,mang,,Pinyin header
,,,2,Frequency header
忙,忙,,,0
氓,氓,,,0
芒,芒,,,0
盲,盲,,,0
莽,莽,,,0
茫,茫,,,0
,,,0,Frequency header
蟒,蟒,,,0
邙,邙,,,0
硭,硭,,,0
漭,漭,,,0
杧,杧,,,0
,,mao,,Pinyin header
,,,2,Frequency header
毛,毛,,,0
茅,茅,,,0
茂,茂,,,0
貌,貌,,,0
冒,冒,,,0
帽,帽,,,0
矛,矛,,,0
髦,髦,,,0
,,,0,Frequency header
昴,昴,,,0
旄,旄,,,0
泖,泖,,,0
耄,耄,,,0
芼,芼,,,0
茆,茆,,,0
眊,眊,,,0
卯,卯,,,0
蟊,蟊,,,0
峁,峁,,,0
瞀,瞀,,,0
袤,袤,,,0
瑁,瑁,,,0
懋,懋,,,0
蝥,蝥,,,0
,,mei,,Pinyin header
,,,2,Frequency header
霉,霉,,,0
美,美,,,0
枚,枚,,,0
眉,眉,,,0
莓,莓,,,0
媒,媒,,,0
每,每,,,0
妹,妹,,,0
魅,魅,,,0
煤,煤,,,0
媚,媚,,,0
梅,梅,,,0
玫,玫,,,0
,,,1,Frequency header
昧,昧,,,0
,,,0,Frequency header
郿,郿,,,0
浼,浼,,,0
寐,寐,,,0
湄,湄,,,0
猸,猸,,,0
嵋,嵋,,,0
袂,袂,,,0
酶,酶,,,0
楣,楣,,,0
,,meng,,Pinyin header
,,,2,Frequency header
萌,萌,,,0
朦,朦,,,0
蒙,蒙,,,0
盟,盟,,,0
檬,檬,,,0
猛,猛,,,0
,,,1,Frequency header
孟,孟,,,0
,,,0,Frequency header
礞,礞,,,0
獴,獴,,,0
甍,甍,,,0
艨,艨,,,0
勐,勐,,,0
瞢,瞢,,,0
蜢,蜢,,,0
艋,艋,,,0
虻,虻,,,0
懵,懵,,,0
幪,幪,,,0
蠓,蠓,,,0
,,mi,,Pinyin header
,,,2,Frequency header
咪,咪,,,0
蜜,蜜,,,0
迷,迷,,,0
密,密,,,0
泌,泌,,,0
米,米,,,0
,,,1,Frequency header
糜,糜,,,0
靡,靡,,,0
,,,0,Frequency header
醾,醾,,,0
蘼,蘼,,,0
嘧,嘧,,,0
秘,秘,,,0
麋,麋,,,0
洣,洣,,,0
汨,汨,,,0
縻,縻,,,0
脒,脒,,,0
醚,醚,,,0
弭,弭,,,0
敉,敉,,,0
祢,祢,,,0
宓,宓,,,0
,,mian,,Pinyin header
,,,2,Frequency header
冕,冕,,,0
棉,棉,,,0
勉,勉,,,0
免,免,,,0
眠,眠,,,0
面,面,,,0
,,,1,Frequency header
娩,娩,,,0
,,,0,Frequency header
沔,沔,,,0
眄,眄,,,0
湎,湎,,,0
,,miao,,Pinyin header
,,,2,Frequency header
瞄,瞄,,,0
妙,妙,,,0
描,描,,,0
苗,苗,,,0
秒,秒,,,0
渺,渺,,,0
,,,1,Frequency header
藐,藐,,,0
,,,0,Frequency header
喵,喵,,,0
邈,邈,,,0
眇,眇,,,0
杪,杪,,,0
,,mie,,Pinyin header
,,,1,Frequency header
蔑,蔑,,,0
,,,0,Frequency header
乜,乜,,,0
篾,篾,,,0
咩,咩,,,0
,,min,,Pinyin header
,,,2,Frequency header
民,民,,,0
敏,敏,,,0
皿,皿,,,0
,,,0,Frequency header
旻,旻,,,0
泯,泯,,,0
苠,苠,,,0
玟,玟,,,0
抿,抿,,,0
岷,岷,,,0
,,ming,,Pinyin header
,,,2,Frequency header
命,命,,,0
名,名,,,0
明,明,,,0
,,,1,Frequency header
螟,螟,,,0
,,,0,Frequency header
冥,冥,,,0
溟,溟,,,0
蓂,蓂,,,0
暝,暝,,,0
茗,茗,,,0
洺,洺,,,0
瞑,瞑,,,0
酩,酩,,,0
,,mo,,Pinyin header
,,,2,Frequency header
墨,墨,,,0
摩,摩,,,0
沫,沫,,,0
魔,魔,,,0
抹,抹,,,0
默,默,,,0
莫,莫,,,0
膜,膜,,,0
模,模,,,0
末,末,,,0
寞,寞,,,0
摸,摸,,,0
漠,漠,,,0
陌,陌,,,0
磨,磨,,,0
蘑,蘑,,,0
,,,1,Frequency header
茉,茉,,,0
摹,摹,,,0
,,,0,Frequency header
靺,靺,,,0
耱,耱,,,0
嫫,嫫,,,0
礳,礳,,,0
瘼,瘼,,,0
貊,貊,,,0
貘,貘,,,0
秣,秣,,,0
,,mou,,Pinyin header
,,,2,Frequency header
某,某,,,0
,,,0,Frequency header
哞,哞,,,0
眸,眸,,,0
蛑,蛑,,,0
牟,牟,,,0
侔,侔,,,0
鍪,鍪,,,0
,,mu,,Pinyin header
,,,2,Frequency header
牧,牧,,,0
姆,姆,,,0
牡,牡,,,0
木,木,,,0
睦,睦,,,0
墓,墓,,,0
母,母,,,0
慕,慕,,,0
拇,拇,,,0
姥,姥,,,0
幕,幕,,,0
募,募,,,0
暮,暮,,,0
沐,沐,,,0
目,目,,,0
,,,1,Frequency header
穆,穆,,,0
,,,0,Frequency header
苜,苜,,,0
毪,毪,,,0
仫,仫,,,0
,,na,,Pinyin header
,,,2,Frequency header
那,那,,,0
哪,哪,,,0
拿,拿,,,0
,,,0,Frequency header
捺,捺,,,0
衲,衲,,,0
肭,肭,,,0
,,nai,,Pinyin header
,,,2,Frequency header
耐,耐,,,0
乃,乃,,,0
奈,奈,,,0
奶,奶,,,0
,,,0,Frequency header
萘,萘,,,0
艿,艿,,,0
鼐,鼐,,,0
氖,氖,,,0
柰,柰,,,0
,,nan,,Pinyin header
,,,2,Frequency header
男,男,,,0
喃,喃,,,0
南,南,,,0
,,,0,Frequency header
罱,罱,,,0
赧,赧,,,0
楠,楠,,,0
蝻,蝻,,,0
腩,腩,,,0
囡,囡,,,0
,,nang,,Pinyin header
,,,2,Frequency header
囊,囊,,,0
,,,0,Frequency header
曩,曩,,,0
攮,攮,,,0
囔,囔,,,0
齉,齉,,,0
,,nao,,Pinyin header
,,,0,Frequency header
呶,呶,,,0
硇,硇,,,0
瑙,瑙,,,0
猱,猱,,,0
淖,淖,,,0
,,nen,,Pinyin header
,,,2,Frequency header
嫩,嫩,,,0
,,neng,,Pinyin header
,,,2,Frequency header
能,能,,,0
,,ni,,Pinyin header
,,,2,Frequency header
逆,逆,,,0
泥,泥,,,0
霓,霓,,,0
你,你,,,0
呢,呢,,,0
溺,溺,,,0
尼,尼,,,0
,,,1,Frequency header
匿,匿,,,0
,,,0,Frequency header
坭,坭,,,0
睨,睨,,,0
猊,猊,,,0
妮,妮,,,0
倪,倪,,,0
旎,旎,,,0
怩,怩,,,0
,,nian,,Pinyin header
,,,2,Frequency header
年,年,,,0
黏,黏,,,0
念,念,,,0
,,,1,Frequency header
碾,碾,,,0
捻,捻,,,0
,,,0,Frequency header
粘,粘,,,0
埝,埝,,,0
廿,廿,,,0
拈,拈,,,0
,,niang,,Pinyin header
,,,2,Frequency header
娘,娘,,,0
,,niao,,Pinyin header
,,,2,Frequency header
尿,尿,,,0
,,,0,Frequency header
脲,脲,,,0
,,nie,,Pinyin header
,,,2,Frequency header
捏,捏,,,0
,,,1,Frequency header
孽,孽,,,0
,,,0,Frequency header
臬,臬,,,0
涅,涅,,,0
,,nin,,Pinyin header
,,,2,Frequency header
您,您,,,0
,,ning,,Pinyin header
,,,2,Frequency header
凝,凝,,,0
,,,0,Frequency header
佞,佞,,,0
,,niu,,Pinyin header
,,,2,Frequency header
牛,牛,,,0
扭,扭,,,0
,,,0,Frequency header
妞,妞,,,0
狃,狃,,,0
忸,忸,,,0
,,nong,,Pinyin header
,,,2,Frequency header
弄,弄,,,0
,,nou,,Pinyin header
,,,0,Frequency header
耨,耨,,,0
,,nu,,Pinyin header
,,,2,Frequency header
奴,奴,,,0
努,努,,,0
怒,怒,,,0
,,,0,Frequency header
胬,胬,,,0
弩,弩,,,0
孥,孥,,,0
砮,砮,,,0
,,nuan,,Pinyin header
,,,2,Frequency header
暖,暖,,,0
,,nuo,,Pinyin header
,,,2,Frequency header
糯,糯,,,0
挪,挪,,,0
懦,懦,,,0
,,,1,Frequency header
娜,娜,,,0
,,,0,Frequency header
搦,搦,,,0
砹,砹,,,0
,,nv,,Pinyin header
,,,2,Frequency header
女,女,,,0
,,,0,Frequency header
衄,衄,,,0
恧,恧,,,0
,,nve,,Pinyin header
,,,2,Frequency header
虐,虐,,,0
,,o,,Pinyin header
,,,2,Frequency header
噢,噢,,,0
喔,喔,,,0
,,ou,,Pinyin header
,,,2,Frequency header
偶,偶,,,0
,,,1,Frequency header
藕,藕,,,0
,,,0,Frequency header
眍,眍,,,0
耦,耦,,,0
,,pa,,Pinyin header
,,,2,Frequency header
趴,趴,,,0
怕,怕,,,0
爬,爬,,,0
帕,帕,,,0
琶,琶,,,0
啪,啪,,,0
,,,0,Frequency header
筢,筢,,,0
葩,葩,,,0
杷,杷,,,0
,,pai,,Pinyin header
,,,2,Frequency header
徘,徘,,,0
湃,湃,,,0
排,排,,,0
拍,拍,,,0
派,派,,,0
牌,牌,,,0
,,,0,Frequency header
俳,俳,,,0
哌,哌,,,0
蒎,蒎,,,0
,,pan,,Pinyin header
,,,2,Frequency header
判,判,,,0
畔,畔,,,0
拚,拚,,,0
盼,盼,,,0
攀,攀,,,0
叛,叛,,,0
,,,1,Frequency header
潘,潘,,,0
,,,0,Frequency header
柈,柈,,,0
泮,泮,,,0
襻,襻,,,0
磐,磐,,,0
袢,袢,,,0
蟠,蟠,,,0
,,pang,,Pinyin header
,,,2,Frequency header
彷,彷,,,0
旁,旁,,,0
胖,胖,,,0
乓,乓,,,0
,,,1,Frequency header
螃,螃,,,0
,,,0,Frequency header
滂,滂,,,0
耪,耪,,,0
逄,逄,,,0
,,pao,,Pinyin header
,,,2,Frequency header
跑,跑,,,0
泡,泡,,,0
袍,袍,,,0
炮,炮,,,0
,,,1,Frequency header
咆,咆,,,0
,,,0,Frequency header
匏,匏,,,0
狍,狍,,,0
庖,庖,,,0
脬,脬,,,0
,,pei,,Pinyin header
,,,2,Frequency header
配,配,,,0
沛,沛,,,0
佩,佩,,,0
陪,陪,,,0
培,培,,,0
,,,1,Frequency header
胚,胚,,,0
,,,0,Frequency header
邳,邳,,,0
霈,霈,,,0
呸,呸,,,0
帔,帔,,,0
旆,旆,,,0
裴,裴,,,0
醅,醅,,,0
,,pen,,Pinyin header
,,,2,Frequency header
盆,盆,,,0
,,peng,,Pinyin header
,,,2,Frequency header
棚,棚,,,0
烹,烹,,,0
澎,澎,,,0
碰,碰,,,0
朋,朋,,,0
膨,膨,,,0
捧,捧,,,0
蓬,蓬,,,0
砰,砰,,,0
,,,1,Frequency header
篷,篷,,,0
彭,彭,,,0
硼,硼,,,0
,,,0,Frequency header
蟛,蟛,,,0
抨,抨,,,0
堋,堋,,,0
嘭,嘭,,,0
甏,甏,,,0
怦,怦,,,0
,,pi,,Pinyin header
,,,2,Frequency header
譬,譬,,,0
匹,匹,,,0
琵,琵,,,0
啤,啤,,,0
屁,屁,,,0
皮,皮,,,0
批,批,,,0
劈,劈,,,0
披,披,,,0
脾,脾,,,0
疲,疲,,,0
僻,僻,,,0
,,,1,Frequency header
霹,霹,,,0
辟,辟,,,0
,,,0,Frequency header
仳,仳,,,0
澼,澼,,,0
陴,陴,,,0
庀,庀,,,0
濞,濞,,,0
砒,砒,,,0
毗,毗,,,0
貔,貔,,,0
苤,苤,,,0
甓,甓,,,0
鼙,鼙,,,0
伾,伾,,,0
丕,丕,,,0
狉,狉,,,0
痞,痞,,,0
枇,枇,,,0
媲,媲,,,0
癖,癖,,,0
圮,圮,,,0
淠,淠,,,0
埤,埤,,,0
坯,坯,,,0
蜱,蜱,,,0
郫,郫,,,0
噼,噼,,,0
,,pian,,Pinyin header
,,,2,Frequency header
偏,偏,,,0
篇,篇,,,0
片,片,,,0
翩,翩,,,0
,,,0,Frequency header
犏,犏,,,0
蹁,蹁,,,0
胼,胼,,,0
,,piao,,Pinyin header
,,,2,Frequency header
漂,漂,,,0
票,票,,,0
,,,1,Frequency header
瓢,瓢,,,0
,,,0,Frequency header
殍,殍,,,0
剽,剽,,,0
嘌,嘌,,,0
嫖,嫖,,,0
螵,螵,,,0
摽,摽,,,0
膘,膘,,,0
瞟,瞟,,,0
,,pie,,Pinyin header
,,,1,Frequency header
撇,撇,,,0
,,,0,Frequency header
瞥,瞥,,,0
氕,氕,,,0
,,pin,,Pinyin header
,,,2,Frequency header
聘,聘,,,0
拼,拼,,,0
品,品,,,0
,,,0,Frequency header
姘,姘,,,0
牝,牝,,,0
榀,榀,,,0
,,ping,,Pinyin header
,,,2,Frequency header
平,平,,,0
萍,萍,,,0
坪,坪,,,0
乒,乒,,,0
屏,屏,,,0
瓶,瓶,,,0
,,,0,Frequency header
枰,枰,,,0
苹,苹,,,0
洴,洴,,,0
帡,帡,,,0
俜,俜,,,0
娉,娉,,,0
,,po,,Pinyin header
,,,2,Frequency header
婆,婆,,,0
坡,坡,,,0
迫,迫,,,0
破,破,,,0
魄,魄,,,0
,,,1,Frequency header
朴,朴,,,0
,,,0,Frequency header
珀,珀,,,0
粕,粕,,,0
皤,皤,,,0
鄱,鄱,,,0
笸,笸,,,0
叵,叵,,,0
,,pou,,Pinyin header
,,,2,Frequency header
剖,剖,,,0
,,,0,Frequency header
掊,掊,,,0
瓿,瓿,,,0
裒,裒,,,0
抔,抔,,,0
,,pu,,Pinyin header
,,,2,Frequency header
瀑,瀑,,,0
曝,曝,,,0
圃,圃,,,0
菩,菩,,,0
普,普,,,0
葡,葡,,,0
,,,1,Frequency header
浦,浦,,,0
蒲,蒲,,,0
仆,仆,,,0
,,,0,Frequency header
濮,濮,,,0
溥,溥,,,0
匍,匍,,,0
璞,璞,,,0
噗,噗,,,0
潽,潽,,,0
氆,氆,,,0
埔,埔,,,0
蹼,蹼,,,0
,,qi,,Pinyin header
,,,2,Frequency header
汽,汽,,,0
砌,砌,,,0
器,器,,,0
乞,乞,,,0
戚,戚,,,0
企,企,,,0
泣,泣,,,0
歧,歧,,,0
旗,旗,,,0
欺,欺,,,0
期,期,,,0
崎,崎,,,0
淇,淇,,,0
祈,祈,,,0
憩,憩,,,0
七,七,,,0
漆,漆,,,0
奇,奇,,,0
妻,妻,,,0
契,契,,,0
起,起,,,0
其,其,,,0
棋,棋,,,0
,,,1,Frequency header
畦,畦,,,0
迄,迄,,,0
柒,柒,,,0
,,,0,Frequency header
琪,琪,,,0
萋,萋,,,0
萁,萁,,,0
碶,碶,,,0
圻,圻,,,0
岐,岐,,,0
琦,琦,,,0
蜞,蜞,,,0
葺,葺,,,0
嘁,嘁,,,0
杞,杞,,,0
碁,碁,,,0
亓,亓,,,0
屺,屺,,,0
麒,麒,,,0
祁,祁,,,0
祺,祺,,,0
芑,芑,,,0
沏,沏,,,0
芪,芪,,,0
祇,祇,,,0
綦,綦,,,0
汔,汔,,,0
耆,耆,,,0
埼,埼,,,0
棨,棨,,,0
綮,綮,,,0
,,qia,,Pinyin header
,,,2,Frequency header
恰,恰,,,0
洽,洽,,,0
卡,卡,,,0
,,,0,Frequency header
拤,拤,,,0
掐,掐,,,0
,,qian,,Pinyin header
,,,2,Frequency header
前,前,,,0
欠,欠,,,0
千,千,,,0
遣,遣,,,0
虔,虔,,,0
歉,歉,,,0
,,,1,Frequency header
黔,黔,,,0
嵌,嵌,,,0
,,,0,Frequency header
茜,茜,,,0
扦,扦,,,0
芊,芊,,,0
慊,慊,,,0
倩,倩,,,0
阡,阡,,,0
撖,撖,,,0
肷,肷,,,0
仟,仟,,,0
褰,褰,,,0
芡,芡,,,0
岍,岍,,,0
愆,愆,,,0
掮,掮,,,0
搴,搴,,,0
,,qiang,,Pinyin header
,,,2,Frequency header
腔,腔,,,0
,,,0,Frequency header
戕,戕,,,0
蜣,蜣,,,0
爿,爿,,,0
羌,羌,,,0
,,qiao,,Pinyin header
,,,2,Frequency header
峭,峭,,,0
悄,悄,,,0
巧,巧,,,0
憔,憔,,,0
敲,敲,,,0
瞧,瞧,,,0
,,,1,Frequency header
撬,撬,,,0
俏,俏,,,0
,,,0,Frequency header
劁,劁,,,0
鞒,鞒,,,0
橇,橇,,,0
愀,愀,,,0
樵,樵,,,0
鞘,鞘,,,0
,,qie,,Pinyin header
,,,2,Frequency header
怯,怯,,,0
且,且,,,0
切,切,,,0
茄,茄,,,0
,,,0,Frequency header
妾,妾,,,0
挈,挈,,,0
伽,伽,,,0
,,qin,,Pinyin header
,,,2,Frequency header
琴,琴,,,0
勤,勤,,,0
禽,禽,,,0
擒,擒,,,0
侵,侵,,,0
,,,1,Frequency header
秦,秦,,,0
芹,芹,,,0
,,,0,Frequency header
沁,沁,,,0
噙,噙,,,0
檎,檎,,,0
嗪,嗪,,,0
芩,芩,,,0
吣,吣,,,0
衾,衾,,,0
,,qing,,Pinyin header
,,,2,Frequency header
清,清,,,0
晴,晴,,,0
青,青,,,0
擎,擎,,,0
蜻,蜻,,,0
情,情,,,0
,,,1,Frequency header
卿,卿,,,0
,,,0,Frequency header
罄,罄,,,0
圊,圊,,,0
磬,磬,,,0
勍,勍,,,0
檠,檠,,,0
氰,氰,,,0
庼,庼,,,0
黥,黥,,,0
,,qiong,,Pinyin header
,,,0,Frequency header
蛩,蛩,,,0
銎,銎,,,0
筇,筇,,,0
穹,穹,,,0
邛,邛,,,0
芎,芎,,,0
,,qiu,,Pinyin header
,,,2,Frequency header
球,球,,,0
丘,丘,,,0
求,求,,,0
秋,秋,,,0
囚,囚,,,0
酋,酋,,,0
,,,1,Frequency header
蚯,蚯,,,0
,,,0,Frequency header
逑,逑,,,0
楸,楸,,,0
犰,犰,,,0
邱,邱,,,0
裘,裘,,,0
蝤,蝤,,,0
艽,艽,,,0
璆,璆,,,0
俅,俅,,,0
遒,遒,,,0
糗,糗,,,0
訄,訄,,,0
鞧,鞧,,,0
泅,泅,,,0
萩,萩,,,0
,,qu,,Pinyin header
,,,2,Frequency header
娶,娶,,,0
取,取,,,0
曲,曲,,,0
屈,屈,,,0
趣,趣,,,0
去,去,,,0
渠,渠,,,0
,,,1,Frequency header
蛆,蛆,,,0
,,,0,Frequency header
磲,磲,,,0
癯,癯,,,0
劬,劬,,,0
佢,佢,,,0
璩,璩,,,0
蛐,蛐,,,0
朐,朐,,,0
蘧,蘧,,,0
祛,祛,,,0
衢,衢,,,0
氍,氍,,,0
鼩,鼩,,,0
袪,袪,,,0
湨,湨,,,0
蕖,蕖,,,0
黢,黢,,,0
,,quan,,Pinyin header
,,,2,Frequency header
犬,犬,,,0
痊,痊,,,0
全,全,,,0
圈,圈,,,0
拳,拳,,,0
券,券,,,0
泉,泉,,,0
,,,0,Frequency header
醛,醛,,,0
棬,棬,,,0
荃,荃,,,0
蜷,蜷,,,0
悛,悛,,,0
筌,筌,,,0
畎,畎,,,0
鬈,鬈,,,0
,,que,,Pinyin header
,,,2,Frequency header
雀,雀,,,0
卻,卻,,,0
缺,缺,,,0
,,,1,Frequency header
瘸,瘸,,,0
,,,0,Frequency header
确,确,,,0
榷,榷,,,0
,,qun,,Pinyin header
,,,2,Frequency header
裙,裙,,,0
,,,1,Frequency header
群,群,,,0
,,,0,Frequency header
逡,逡,,,0
蝽,蝽,,,0
,,ran,,Pinyin header
,,,2,Frequency header
然,然,,,0
燃,燃,,,0
染,染,,,0
,,,0,Frequency header
蚺,蚺,,,0
冉,冉,,,0
苒,苒,,,0
髯,髯,,,0
,,rang,,Pinyin header
,,,2,Frequency header
嚷,嚷,,,0
壤,壤,,,0
,,,1,Frequency header
攘,攘,,,0
,,,0,Frequency header
蘘,蘘,,,0
穰,穰,,,0
瓤,瓤,,,0
禳,禳,,,0
,,re,,Pinyin header
,,,2,Frequency header
惹,惹,,,0
,,,0,Frequency header
喏,喏,,,0
,,ren,,Pinyin header
,,,2,Frequency header
任,任,,,0
仁,仁,,,0
人,人,,,0
忍,忍,,,0
,,,1,Frequency header
刃,刃,,,0
,,,0,Frequency header
壬,壬,,,0
妊,妊,,,0
衽,衽,,,0
荏,荏,,,0
稔,稔,,,0
恁,恁,,,0
仞,仞,,,0
,,reng,,Pinyin header
,,,2,Frequency header
扔,扔,,,0
仍,仍,,,0
,,ri,,Pinyin header
,,,2,Frequency header
日,日,,,0
,,rong,,Pinyin header
,,,2,Frequency header
榕,榕,,,0
熔,熔,,,0
容,容,,,0
溶,溶,,,0
融,融,,,0
,,,1,Frequency header
蓉,蓉,,,0
茸,茸,,,0
冗,冗,,,0
,,,0,Frequency header
戎,戎,,,0
狨,狨,,,0
瑢,瑢,,,0
,,rou,,Pinyin header
,,,2,Frequency header
柔,柔,,,0
揉,揉,,,0
肉,肉,,,0
,,,1,Frequency header
蹂,蹂,,,0
,,,0,Frequency header
糅,糅,,,0
鞣,鞣,,,0
,,ru,,Pinyin header
,,,2,Frequency header
辱,辱,,,0
入,入,,,0
褥,褥,,,0
乳,乳,,,0
儒,儒,,,0
如,如,,,0
,,,1,Frequency header
蠕,蠕,,,0
,,,0,Frequency header
孺,孺,,,0
茹,茹,,,0
蓐,蓐,,,0
襦,襦,,,0
濡,濡,,,0
臑,臑,,,0
洳,洳,,,0
汝,汝,,,0
溽,溽,,,0
薷,薷,,,0
嚅,嚅,,,0
,,ruan,,Pinyin header
,,,0,Frequency header
朊,朊,,,0
阮,阮,,,0
,,rui,,Pinyin header
,,,2,Frequency header
蕊,蕊,,,0
,,,1,Frequency header
瑞,瑞,,,0
,,,0,Frequency header
蚋,蚋,,,0
蕤,蕤,,,0
芮,芮,,,0
汭,汭,,,0
睿,睿,,,0
枘,枘,,,0
,,ruo,,Pinyin header
,,,2,Frequency header
弱,弱,,,0
若,若,,,0
,,,0,Frequency header
蒻,蒻,,,0
偌,偌,,,0
,,sa,,Pinyin header
,,,2,Frequency header
撒,撒,,,0
,,,0,Frequency header
脎,脎,,,0
靸,靸,,,0
趿,趿,,,0
卅,卅,,,0
仨,仨,,,0
洒,洒,,,0
,,sai,,Pinyin header
,,,2,Frequency header
塞,塞,,,0
,,,1,Frequency header
腮,腮,,,0
,,,0,Frequency header
噻,噻,,,0
,,san,,Pinyin header
,,,2,Frequency header
三,三,,,0
散,散,,,0
,,,1,Frequency header
叁,叁,,,0
,,,0,Frequency header
潵,潵,,,0
,,sang,,Pinyin header
,,,2,Frequency header
嗓,嗓,,,0
桑,桑,,,0
,,,0,Frequency header
搡,搡,,,0
磉,磉,,,0
,,sao,,Pinyin header
,,,2,Frequency header
艘,艘,,,0
嫂,嫂,,,0
,,,1,Frequency header
搔,搔,,,0
,,,0,Frequency header
臊,臊,,,0
瘙,瘙,,,0
埽,埽,,,0
,,se,,Pinyin header
,,,2,Frequency header
色,色,,,0
,,,1,Frequency header
瑟,瑟,,,0
,,sen,,Pinyin header
,,,2,Frequency header
森,森,,,0
,,seng,,Pinyin header
,,,2,Frequency header
僧,僧,,,0
,,sha,,Pinyin header
,,,2,Frequency header
啥,啥,,,0
沙,沙,,,0
傻,傻,,,0
砂,砂,,,0
煞,煞,,,0
,,,1,Frequency header
霎,霎,,,0
,,,0,Frequency header
莎,莎,,,0
裟,裟,,,0
痧,痧,,,0
唼,唼,,,0
歃,歃,,,0
,,shai,,Pinyin header
,,,1,Frequency header
晒,晒,,,0
,,shan,,Pinyin header
,,,2,Frequency header
扇,扇,,,0
珊,珊,,,0
山,山,,,0
擅,擅,,,0
善,善,,,0
膳,膳,,,0
衫,衫,,,0
,,,1,Frequency header
杉,杉,,,0
,,,0,Frequency header
芟,芟,,,0
疝,疝,,,0
蟮,蟮,,,0
汕,汕,,,0
跚,跚,,,0
潸,潸,,,0
煽,煽,,,0
鄯,鄯,,,0
苫,苫,,,0
嬗,嬗,,,0
舢,舢,,,0
,,shang,,Pinyin header
,,,2,Frequency header
上,上,,,0
商,商,,,0
尚,尚,,,0
,,,1,Frequency header
晌,晌,,,0
,,,0,Frequency header
墒,墒,,,0
熵,熵,,,0
,,shao,,Pinyin header
,,,2,Frequency header
梢,梢,,,0
哨,哨,,,0
少,少,,,0
稍,稍,,,0
,,,1,Frequency header
捎,捎,,,0
芍,芍,,,0
,,,0,Frequency header
筲,筲,,,0
艄,艄,,,0
潲,潲,,,0
杓,杓,,,0
勺,勺,,,0
蛸,蛸,,,0
邵,邵,,,0
劭,劭,,,0
韶,韶,,,0
,,she,,Pinyin header
,,,2,Frequency header
奢,奢,,,0
射,射,,,0
涉,涉,,,0
蛇,蛇,,,0
舌,舌,,,0
社,社,,,0
舍,舍,,,0
,,,1,Frequency header
赦,赦,,,0
,,,0,Frequency header
猞,猞,,,0
佘,佘,,,0
麝,麝,,,0
,,shen,,Pinyin header
,,,2,Frequency header
甚,甚,,,0
深,深,,,0
伸,伸,,,0
神,神,,,0
慎,慎,,,0
申,申,,,0
身,身,,,0
呻,呻,,,0
,,,0,Frequency header
娠,娠,,,0
胂,胂,,,0
砷,砷,,,0
矧,矧,,,0
莘,莘,,,0
哂,哂,,,0
葚,葚,,,0
抻,抻,,,0
燊,燊,,,0
蜃,蜃,,,0
吲,吲,,,0
,,sheng,,Pinyin header
,,,2,Frequency header
甥,甥,,,0
剩,剩,,,0
生,生,,,0
笙,笙,,,0
盛,盛,,,0
省,省,,,0
升,升,,,0
牲,牲,,,0
,,,0,Frequency header
胜,胜,,,0
嵊,嵊,,,0
眚,眚,,,0
晟,晟,,,0
,,shi,,Pinyin header
,,,2,Frequency header
示,示,,,0
市,市,,,0
柿,柿,,,0
事,事,,,0
侍,侍,,,0
屎,屎,,,0
石,石,,,0
室,室,,,0
氏,氏,,,0
始,始,,,0
式,式,,,0
拾,拾,,,0
世,世,,,0
失,失,,,0
士,士,,,0
誓,誓,,,0
史,史,,,0
是,是,,,0
十,十,,,0
使,使,,,0
逝,逝,,,0
食,食,,,0
嗜,嗜,,,0
施,施,,,0
什,什,,,0
,,,1,Frequency header
拭,拭,,,0
尸,尸,,,0
虱,虱,,,0
恃,恃,,,0
矢,矢,,,0
,,,0,Frequency header
奭,奭,,,0
蓍,蓍,,,0
豕,豕,,,0
炻,炻,,,0
噬,噬,,,0
仕,仕,,,0
浉,浉,,,0
舐,舐,,,0
鼫,鼫,,,0
螫,螫,,,0
筮,筮,,,0
湜,湜,,,0
,,shou,,Pinyin header
,,,2,Frequency header
售,售,,,0
收,收,,,0
手,手,,,0
首,首,,,0
瘦,瘦,,,0
授,授,,,0
受,受,,,0
守,守,,,0
,,,0,Frequency header
狩,狩,,,0
,,shu,,Pinyin header
,,,2,Frequency header
漱,漱,,,0
署,署,,,0
鼠,鼠,,,0
蔬,蔬,,,0
叔,叔,,,0
梳,梳,,,0
恕,恕,,,0
束,束,,,0
述,述,,,0
墅,墅,,,0
殊,殊,,,0
熟,熟,,,0
曙,曙,,,0
舒,舒,,,0
疏,疏,,,0
暑,暑,,,0
抒,抒,,,0
薯,薯,,,0
,,,1,Frequency header
蜀,蜀,,,0
黍,黍,,,0
淑,淑,,,0
庶,庶,,,0
,,,0,Frequency header
秫,秫,,,0
沭,沭,,,0
毹,毹,,,0
姝,姝,,,0
殳,殳,,,0
菽,菽,,,0
孰,孰,,,0
戍,戍,,,0
塾,塾,,,0
澍,澍,,,0
倏,倏,,,0
,,shua,,Pinyin header
,,,2,Frequency header
耍,耍,,,0
刷,刷,,,0
,,shuai,,Pinyin header
,,,2,Frequency header
甩,甩,,,0
摔,摔,,,0
蟀,蟀,,,0
衰,衰,,,0
,,shuan,,Pinyin header
,,,1,Frequency header
涮,涮,,,0
拴,拴,,,0
栓,栓,,,0
,,shuang,,Pinyin header
,,,2,Frequency header
霜,霜,,,0
爽,爽,,,0
,,,0,Frequency header
孀,孀,,,0
,,shui,,Pinyin header
,,,2,Frequency header
睡,睡,,,0
水,水,,,0
税,税,,,0
,,,1,Frequency header
蜕,蜕,,,0
,,shun,,Pinyin header
,,,2,Frequency header
瞬,瞬,,,0
,,,1,Frequency header
吮,吮,,,0
,,,0,Frequency header
舜,舜,,,0
楯,楯,,,0
,,shuo,,Pinyin header
,,,0,Frequency header
槊,槊,,,0
蒴,蒴,,,0
妁,妁,,,0
朔,朔,,,0
搠,搠,,,0
,,si,,Pinyin header
,,,2,Frequency header
四,四,,,0
撕,撕,,,0
肆,肆,,,0
斯,斯,,,0
似,似,,,0
思,思,,,0
寺,寺,,,0
司,司,,,0
死,死,,,0
私,私,,,0
,,,1,Frequency header
嘶,嘶,,,0
伺,伺,,,0
,,,0,Frequency header
俟,俟,,,0
澌,澌,,,0
兕,兕,,,0
偲,偲,,,0
嗣,嗣,,,0
巳,巳,,,0
涘,涘,,,0
祀,祀,,,0
汜,汜,,,0
耜,耜,,,0
姒,姒,,,0
泗,泗,,,0
笥,笥,,,0
,,song,,Pinyin header
,,,2,Frequency header
松,松,,,0
送,送,,,0
,,,1,Frequency header
宋,宋,,,0
,,,0,Frequency header
竦,竦,,,0
淞,淞,,,0
悚,悚,,,0
嵩,嵩,,,0
菘,菘,,,0
凇,凇,,,0
餸,餸,,,0
,,sou,,Pinyin header
,,,2,Frequency header
嗽,嗽,,,0
搜,搜,,,0
,,,0,Frequency header
滫,滫,,,0
叟,叟,,,0
瞍,瞍,,,0
螋,螋,,,0
溲,溲,,,0
嗾,嗾,,,0
嗖,嗖,,,0
廋,廋,,,0
,,su,,Pinyin header
,,,2,Frequency header
溯,溯,,,0
宿,宿,,,0
俗,俗,,,0
粟,粟,,,0
塑,塑,,,0
速,速,,,0
素,素,,,0
,,,1,Frequency header
酥,酥,,,0
,,,0,Frequency header
蔌,蔌,,,0
涑,涑,,,0
觫,觫,,,0
嗉,嗉,,,0
簌,簌,,,0
蓿,蓿,,,0
夙,夙,,,0
窣,窣,,,0
愫,愫,,,0
僳,僳,,,0
,,suan,,Pinyin header
,,,2,Frequency header
酸,酸,,,0
算,算,,,0
,,,1,Frequency header
蒜,蒜,,,0
,,,0,Frequency header
狻,狻,,,0
,,sui,,Pinyin header
,,,2,Frequency header
祟,祟,,,0
碎,碎,,,0
髓,髓,,,0
遂,遂,,,0
隧,隧,,,0
穗,穗,,,0
,,,0,Frequency header
眭,眭,,,0
隋,隋,,,0
荽,荽,,,0
邃,邃,,,0
濉,濉,,,0
燧,燧,,,0
睢,睢,,,0
,,sun,,Pinyin header
,,,0,Frequency header
榫,榫,,,0
飧,飧,,,0
,,suo,,Pinyin header
,,,2,Frequency header
索,索,,,0
所,所,,,0
梭,梭,,,0
,,,1,Frequency header
唆,唆,,,0
嗦,嗦,,,0
,,,0,Frequency header
挲,挲,,,0
羧,羧,,,0
蹜,蹜,,,0
嗍,嗍,,,0
娑,娑,,,0
蓑,蓑,,,0
桫,桫,,,0
,,ta,,Pinyin header
,,,2,Frequency header
踏,踏,,,0
塔,塔,,,0
她,她,,,0
塌,塌,,,0
它,它,,,0
他,他,,,0
,,,1,Frequency header
蹋,蹋,,,0
,,,0,Frequency header
榻,榻,,,0
遢,遢,,,0
漯,漯,,,0
沓,沓,,,0
溻,溻,,,0
嗒,嗒,,,0
,,tai,,Pinyin header
,,,2,Frequency header
台,台,,,0
抬,抬,,,0
苔,苔,,,0
汰,汰,,,0
太,太,,,0
胎,胎,,,0
,,,1,Frequency header
泰,泰,,,0
,,,0,Frequency header
酞,酞,,,0
炱,炱,,,0
肽,肽,,,0
薹,薹,,,0
邰,邰,,,0
跆,跆,,,0
,,tan,,Pinyin header
,,,2,Frequency header
探,探,,,0
毯,毯,,,0
痰,痰,,,0
檀,檀,,,0
潭,潭,,,0
坦,坦,,,0
炭,炭,,,0
碳,碳,,,0
,,,1,Frequency header
袒,袒,,,0
,,,0,Frequency header
覃,覃,,,0
郯,郯,,,0
倓,倓,,,0
菼,菼,,,0
忐,忐,,,0
坍,坍,,,0
,,tang,,Pinyin header
,,,2,Frequency header
糖,糖,,,0
趟,趟,,,0
淌,淌,,,0
堂,堂,,,0
唐,唐,,,0
躺,躺,,,0
倘,倘,,,0
塘,塘,,,0
,,,1,Frequency header
棠,棠,,,0
膛,膛,,,0
搪,搪,,,0
,,,0,Frequency header
帑,帑,,,0
鄌,鄌,,,0
樘,樘,,,0
溏,溏,,,0
螗,螗,,,0
羰,羰,,,0
瑭,瑭,,,0
嘡,嘡,,,0
螳,螳,,,0
耥,耥,,,0
,,tao,,Pinyin header
,,,2,Frequency header
掏,掏,,,0
套,套,,,0
萄,萄,,,0
滔,滔,,,0
陶,陶,,,0
淘,淘,,,0
逃,逃,,,0
桃,桃,,,0
,,,1,Frequency header
叨,叨,,,0
,,,0,Frequency header
饕,饕,,,0
洮,洮,,,0
啕,啕,,,0
,,te,,Pinyin header
,,,2,Frequency header
特,特,,,0
,,,0,Frequency header
忒,忒,,,0
慝,慝,,,0
忑,忑,,,0
,,teng,,Pinyin header
,,,2,Frequency header
疼,疼,,,0
藤,藤,,,0
,,,0,Frequency header
螣,螣,,,0
滕,滕,,,0
,,ti,,Pinyin header
,,,2,Frequency header
啼,啼,,,0
嚏,嚏,,,0
提,提,,,0
踢,踢,,,0
惕,惕,,,0
剔,剔,,,0
蹄,蹄,,,0
涕,涕,,,0
梯,梯,,,0
剃,剃,,,0
替,替,,,0
,,,0,Frequency header
醍,醍,,,0
倜,倜,,,0
悌,悌,,,0
逖,逖,,,0
体,体,,,0
荑,荑,,,0
,,tian,,Pinyin header
,,,2,Frequency header
天,天,,,0
添,添,,,0
填,填,,,0
舔,舔,,,0
田,田,,,0
甜,甜,,,0
,,,1,Frequency header
恬,恬,,,0
,,,0,Frequency header
腆,腆,,,0
忝,忝,,,0
嗔,嗔,,,0
湉,湉,,,0
掭,掭,,,0
殄,殄,,,0
黇,黇,,,0
畋,畋,,,0
,,tiao,,Pinyin header
,,,2,Frequency header
挑,挑,,,0
跳,跳,,,0
眺,眺,,,0
,,,0,Frequency header
髫,髫,,,0
苕,苕,,,0
迢,迢,,,0
祧,祧,,,0
佻,佻,,,0
蜩,蜩,,,0
笤,笤,,,0
窕,窕,,,0
,,tie,,Pinyin header
,,,2,Frequency header
帖,帖,,,0
,,,0,Frequency header
餮,餮,,,0
萜,萜,,,0
,,ting,,Pinyin header
,,,2,Frequency header
庭,庭,,,0
亭,亭,,,0
艇,艇,,,0
廷,廷,,,0
停,停,,,0
挺,挺,,,0
蜓,蜓,,,0
,,,0,Frequency header
梃,梃,,,0
莛,莛,,,0
珽,珽,,,0
耵,耵,,,0
霆,霆,,,0
汀,汀,,,0
婷,婷,,,0
葶,葶,,,0
町,町,,,0
,,tong,,Pinyin header
,,,2,Frequency header
筒,筒,,,0
童,童,,,0
同,同,,,0
通,通,,,0
桶,桶,,,0
痛,痛,,,0
,,,1,Frequency header
彤,彤,,,0
桐,桐,,,0
瞳,瞳,,,0
,,,0,Frequency header
曈,曈,,,0
峒,峒,,,0
艟,艟,,,0
茼,茼,,,0
熥,熥,,,0
捅,捅,,,0
僮,僮,,,0
潼,潼,,,0
硐,硐,,,0
恫,恫,,,0
峂,峂,,,0
佟,佟,,,0
侗,侗,,,0
砼,砼,,,0
酮,酮,,,0
嗵,嗵,,,0
,,tou,,Pinyin header
,,,2,Frequency header
偷,偷,,,0
透,透,,,0
投,投,,,0
,,,0,Frequency header
骰,骰,,,0
,,tu,,Pinyin header
,,,2,Frequency header
途,途,,,0
突,突,,,0
兔,兔,,,0
屠,屠,,,0
吐,吐,,,0
土,土,,,0
徒,徒,,,0
凸,凸,,,0
,,,0,Frequency header
堍,堍,,,0
菟,菟,,,0
涂,涂,,,0
荼,荼,,,0
酴,酴,,,0
芏,芏,,,0
葖,葖,,,0
,,tuan,,Pinyin header
,,,0,Frequency header
彖,彖,,,0
疃,疃,,,0
湍,湍,,,0
,,tui,,Pinyin header
,,,2,Frequency header
推,推,,,0
退,退,,,0
腿,腿,,,0
,,,0,Frequency header
煺,煺,,,0
,,tun,,Pinyin header
,,,2,Frequency header
豚,豚,,,0
吞,吞,,,0
,,,1,Frequency header
臀,臀,,,0
褪,褪,,,0
屯,屯,,,0
,,,0,Frequency header
炖,炖,,,0
氽,氽,,,0
暾,暾,,,0
,,tuo,,Pinyin header
,,,2,Frequency header
拖,拖,,,0
妥,妥,,,0
唾,唾,,,0
拓,拓,,,0
脱,脱,,,0
托,托,,,0
,,,0,Frequency header
橐,橐,,,0
砣,砣,,,0
酡,酡,,,0
陀,陀,,,0
佗,佗,,,0
鞁,鞁,,,0
柝,柝,,,0
庹,庹,,,0
跎,跎,,,0
沱,沱,,,0
坨,坨,,,0
,,wa,,Pinyin header
,,,2,Frequency header
挖,挖,,,0
娃,娃,,,0
哇,哇,,,0
蛙,蛙,,,0
瓦,瓦,,,0
,,,0,Frequency header
佤,佤,,,0
,,wai,,Pinyin header
,,,2,Frequency header
歪,歪,,,0
外,外,,,0
,,wan,,Pinyin header
,,,2,Frequency header
碗,碗,,,0
婉,婉,,,0
腕,腕,,,0
挽,挽,,,0
玩,玩,,,0
蜿,蜿,,,0
完,完,,,0
晚,晚,,,0
惋,惋,,,0
丸,丸,,,0
,,,1,Frequency header
豌,豌,,,0
宛,宛,,,0
,,,0,Frequency header
畹,畹,,,0
剜,剜,,,0
琬,琬,,,0
芄,芄,,,0
烷,烷,,,0
浣,浣,,,0
皖,皖,,,0
菀,菀,,,0
,,wang,,Pinyin header
,,,2,Frequency header
忘,忘,,,0
旺,旺,,,0
亡,亡,,,0
汪,汪,,,0
王,王,,,0
枉,枉,,,0
往,往,,,0
望,望,,,0
,,,1,Frequency header
妄,妄,,,0
,,,0,Frequency header
惘,惘,,,0
罔,罔,,,0
魍,魍,,,0
,,wei,,Pinyin header
,,,2,Frequency header
喂,喂,,,0
萎,萎,,,0
危,危,,,0
威,威,,,0
畏,畏,,,0
味,味,,,0
胃,胃,,,0
未,未,,,0
唯,唯,,,0
微,微,,,0
位,位,,,0
慰,慰,,,0
惟,惟,,,0
尾,尾,,,0
蔚,蔚,,,0
委,委,,,0
,,,1,Frequency header
桅,桅,,,0
尉,尉,,,0
魏,魏,,,0
薇,薇,,,0
巍,巍,,,0
偎,偎,,,0
,,,0,Frequency header
隈,隈,,,0
洧,洧,,,0
娓,娓,,,0
倭,倭,,,0
渭,渭,,,0
猥,猥,,,0
圩,圩,,,0
崴,崴,,,0
葳,葳,,,0
帷,帷,,,0
溦,溦,,,0
煨,煨,,,0
隗,隗,,,0
痿,痿,,,0
逶,逶,,,0
猬,猬,,,0
嵬,嵬,,,0
,,wen,,Pinyin header
,,,2,Frequency header
温,温,,,0
紊,紊,,,0
吻,吻,,,0
蚊,蚊,,,0
文,文,,,0
,,,1,Frequency header
瘟,瘟,,,0
,,,0,Frequency header
刎,刎,,,0
塭,塭,,,0
汶,汶,,,0
雯,雯,,,0
,,weng,,Pinyin header
,,,2,Frequency header
翁,翁,,,0
嗡,嗡,,,0
,,,0,Frequency header
蓊,蓊,,,0
滃,滃,,,0
,,wo,,Pinyin header
,,,2,Frequency header
我,我,,,0
沃,沃,,,0
握,握,,,0
卧,卧,,,0
,,,0,Frequency header
肟,肟,,,0
斡,斡,,,0
幄,幄,,,0
渥,渥,,,0
,,wu,,Pinyin header
,,,2,Frequency header
五,五,,,0
侮,侮,,,0
舞,舞,,,0
巫,巫,,,0
唔,唔,,,0
勿,勿,,,0
武,武,,,0
屋,屋,,,0
毋,毋,,,0
伍,伍,,,0
悟,悟,,,0
污,污,,,0
午,午,,,0
蜈,蜈,,,0
晤,晤,,,0
物,物,,,0
,,,1,Frequency header
捂,捂,,,0
梧,梧,,,0
,,,0,Frequency header
婺,婺,,,0
戊,戊,,,0
圬,圬,,,0
忤,忤,,,0
芴,芴,,,0
焐,焐,,,0
兀,兀,,,0
痦,痦,,,0
寤,寤,,,0
牾,牾,,,0
迕,迕,,,0
鼯,鼯,,,0
阢,阢,,,0
浯,浯,,,0
靰,靰,,,0
杌,杌,,,0
郚,郚,,,0
仵,仵,,,0
吾,吾,,,0
鋈,鋈,,,0
,,xi,,Pinyin header
,,,2,Frequency header
昔,昔,,,0
希,希,,,0
喜,喜,,,0
息,息,,,0
西,西,,,0
夕,夕,,,0
膝,膝,,,0
析,析,,,0
吸,吸,,,0
洗,洗,,,0
媳,媳,,,0
嬉,嬉,,,0
晰,晰,,,0
稀,稀,,,0
徙,徙,,,0
惜,惜,,,0
隙,隙,,,0
犀,犀,,,0
席,席,,,0
系,系,,,0
蟋,蟋,,,0
嘻,嘻,,,0
悉,悉,,,0
熄,熄,,,0
溪,溪,,,0
,,,1,Frequency header
熙,熙,,,0
,,,0,Frequency header
菥,菥,,,0
樨,樨,,,0
晞,晞,,,0
羲,羲,,,0
檄,檄,,,0
淅,淅,,,0
唏,唏,,,0
隰,隰,,,0
蹊,蹊,,,0
蓰,蓰,,,0
曦,曦,,,0
葸,葸,,,0
矽,矽,,,0
舄,舄,,,0
翕,翕,,,0
歙,歙,,,0
禧,禧,,,0
兮,兮,,,0
浠,浠,,,0
僖,僖,,,0
粞,粞,,,0
郄,郄,,,0
窸,窸,,,0
鼷,鼷,,,0
硒,硒,,,0
醯,醯,,,0
豨,豨,,,0
禊,禊,,,0
熹,熹,,,0
穸,穸,,,0
裼,裼,,,0
螅,螅,,,0
屣,屣,,,0
蜥,蜥,,,0
潟,潟,,,0
奚,奚,,,0
烯,烯,,,0
舾,舾,,,0
皙,皙,,,0
汐,汐,,,0
,,xia,,Pinyin header
,,,2,Frequency header
霞,霞,,,0
下,下,,,0
暇,暇,,,0
夏,夏,,,0
瞎,瞎,,,0
,,,1,Frequency header
匣,匣,,,0
,,,0,Frequency header
柙,柙,,,0
罅,罅,,,0
遐,遐,,,0
黠,黠,,,0
狎,狎,,,0
瑕,瑕,,,0
呷,呷,,,0
,,xian,,Pinyin header
,,,2,Frequency header
掀,掀,,,0
限,限,,,0
弦,弦,,,0
嫌,嫌,,,0
仙,仙,,,0
先,先,,,0
陷,陷,,,0
,,,1,Frequency header
舷,舷,,,0
涎,涎,,,0
咸,咸,,,0
腺,腺,,,0
,,,0,Frequency header
痃,痃,,,0
祆,祆,,,0
酰,酰,,,0
跣,跣,,,0
燹,燹,,,0
筅,筅,,,0
羡,羡,,,0
暹,暹,,,0
氙,氙,,,0
霰,霰,,,0
冼,冼,,,0
,,xiang,,Pinyin header
,,,2,Frequency header
想,想,,,0
象,象,,,0
像,像,,,0
香,香,,,0
享,享,,,0
箱,箱,,,0
巷,巷,,,0
翔,翔,,,0
相,相,,,0
祥,祥,,,0
橡,橡,,,0
向,向,,,0
,,,1,Frequency header
湘,湘,,,0
,,,0,Frequency header
襄,襄,,,0
庠,庠,,,0
,,xiao,,Pinyin header
,,,2,Frequency header
宵,宵,,,0
逍,逍,,,0
孝,孝,,,0
小,小,,,0
肖,肖,,,0
效,效,,,0
校,校,,,0
笑,笑,,,0
消,消,,,0
,,,1,Frequency header
哮,哮,,,0
硝,硝,,,0
,,,0,Frequency header
魈,魈,,,0
洨,洨,,,0
霄,霄,,,0
藠,藠,,,0
枵,枵,,,0
筱,筱,,,0
,,xie,,Pinyin header
,,,2,Frequency header
懈,懈,,,0
歇,歇,,,0
邪,邪,,,0
蟹,蟹,,,0
血,血,,,0
卸,卸,,,0
屑,屑,,,0
些,些,,,0
鞋,鞋,,,0
斜,斜,,,0
偕,偕,,,0
泄,泄,,,0
械,械,,,0
,,,1,Frequency header
楔,楔,,,0
,,,0,Frequency header
薤,薤,,,0
瀣,瀣,,,0
榭,榭,,,0
躞,躞,,,0
塮,塮,,,0
澥,澥,,,0
廨,廨,,,0
獬,獬,,,0
揳,揳,,,0
燮,燮,,,0
勰,勰,,,0
渫,渫,,,0
榍,榍,,,0
邂,邂,,,0
,,xin,,Pinyin header
,,,2,Frequency header
薪,薪,,,0
欣,欣,,,0
馨,馨,,,0
新,新,,,0
信,信,,,0
心,心,,,0
辛,辛,,,0
,,,0,Frequency header
歆,歆,,,0
忻,忻,,,0
鑫,鑫,,,0
芯,芯,,,0
囟,囟,,,0
昕,昕,,,0
,,xing,,Pinyin header
,,,2,Frequency header
醒,醒,,,0
姓,姓,,,0
刑,刑,,,0
行,行,,,0
杏,杏,,,0
腥,腥,,,0
幸,幸,,,0
型,型,,,0
形,形,,,0
星,星,,,0
性,性,,,0
,,,1,Frequency header
猩,猩,,,0
邢,邢,,,0
,,,0,Frequency header
悻,悻,,,0
硎,硎,,,0
惺,惺,,,0
婞,婞,,,0
荇,荇,,,0
擤,擤,,,0
,,xiong,,Pinyin header
,,,2,Frequency header
胸,胸,,,0
兄,兄,,,0
凶,凶,,,0
雄,雄,,,0
熊,熊,,,0
,,,1,Frequency header
匈,匈,,,0
,,xiu,,Pinyin header
,,,2,Frequency header
羞,羞,,,0
休,休,,,0
修,修,,,0
秀,秀,,,0
袖,袖,,,0
嗅,嗅,,,0
朽,朽,,,0
,,,0,Frequency header
溴,溴,,,0
庥,庥,,,0
岫,岫,,,0
咻,咻,,,0
髹,髹,,,0
琇,琇,,,0
貅,貅,,,0
,,xu,,Pinyin header
,,,2,Frequency header
婿,婿,,,0
徐,徐,,,0
絮,絮,,,0
蓄,蓄,,,0
序,序,,,0
恤,恤,,,0
墟,墟,,,0
需,需,,,0
,,,1,Frequency header
酗,酗,,,0
旭,旭,,,0
吁,吁,,,0
,,,0,Frequency header
盱,盱,,,0
戌,戌,,,0
旮,旮,,,0
栩,栩,,,0
溆,溆,,,0
魆,魆,,,0
糈,糈,,,0
煦,煦,,,0
洫,洫,,,0
旯,旯,,,0
醑,醑,,,0
胥,胥,,,0
,,xuan,,Pinyin header
,,,2,Frequency header
喧,喧,,,0
旋,旋,,,0
宣,宣,,,0
炫,炫,,,0
渲,渲,,,0
,,,1,Frequency header
玄,玄,,,0
漩,漩,,,0
,,,0,Frequency header
璇,璇,,,0
煊,煊,,,0
揎,揎,,,0
烜,烜,,,0
楦,楦,,,0
儇,儇,,,0
碹,碹,,,0
泫,泫,,,0
眩,眩,,,0
暄,暄,,,0
暅,暅,,,0
禤,禤,,,0
萱,萱,,,0
瑄,瑄,,,0
,,xue,,Pinyin header
,,,2,Frequency header
雪,雪,,,0
削,削,,,0
穴,穴,,,0
,,,1,Frequency header
薛,薛,,,0
靴,靴,,,0
,,,0,Frequency header
茓,茓,,,0
,,xun,,Pinyin header
,,,2,Frequency header
薰,薰,,,0
旬,旬,,,0
迅,迅,,,0
殉,殉,,,0
巡,巡,,,0
循,循,,,0
,,,1,Frequency header
熏,熏,,,0
,,,0,Frequency header
汛,汛,,,0
荀,荀,,,0
恂,恂,,,0
巽,巽,,,0
峋,峋,,,0
噀,噀,,,0
醺,醺,,,0
珣,珣,,,0
栒,栒,,,0
徇,徇,,,0
洵,洵,,,0
獯,獯,,,0
郇,郇,,,0
蕈,蕈,,,0
曛,曛,,,0
挦,挦,,,0
,,ya,,Pinyin header
,,,2,Frequency header
雅,雅,,,0
涯,涯,,,0
丫,丫,,,0
芽,芽,,,0
呀,呀,,,0
押,押,,,0
牙,牙,,,0
崖,崖,,,0
,,,1,Frequency header
衙,衙,,,0
,,,0,Frequency header
蚜,蚜,,,0
岈,岈,,,0
迓,迓,,,0
揠,揠,,,0
伢,伢,,,0
砑,砑,,,0
,,yai,,Pinyin header
,,,0,Frequency header
睚,睚,,,0
,,yan,,Pinyin header
,,,2,Frequency header
沿,沿,,,0
淹,淹,,,0
眼,眼,,,0
雁,雁,,,0
掩,掩,,,0
宴,宴,,,0
咽,咽,,,0
炎,炎,,,0
延,延,,,0
筵,筵,,,0
燕,燕,,,0
研,研,,,0
言,言,,,0
衍,衍,,,0
演,演,,,0
焰,焰,,,0
,,,1,Frequency header
蜒,蜒,,,0
岩,岩,,,0
奄,奄,,,0
堰,堰,,,0
唁,唁,,,0
,,,0,Frequency header
弇,弇,,,0
妍,妍,,,0
檐,檐,,,0
腌,腌,,,0
崦,崦,,,0
郾,郾,,,0
罨,罨,,,0
蔫,蔫,,,0
晏,晏,,,0
胭,胭,,,0
偃,偃,,,0
嫣,嫣,,,0
鄢,鄢,,,0
焱,焱,,,0
剡,剡,,,0
扊,扊,,,0
埏,埏,,,0
琰,琰,,,0
焉,焉,,,0
,,yang,,Pinyin header
,,,2,Frequency header
洋,洋,,,0
氧,氧,,,0
秧,秧,,,0
漾,漾,,,0
羊,羊,,,0
央,央,,,0
仰,仰,,,0
,,,1,Frequency header
殃,殃,,,0
,,,0,Frequency header
怏,怏,,,0
恙,恙,,,0
烊,烊,,,0
泱,泱,,,0
徉,徉,,,0
垟,垟,,,0
蛘,蛘,,,0
鞅,鞅,,,0
佯,佯,,,0
,,yao,,Pinyin header
,,,2,Frequency header
耀,耀,,,0
咬,咬,,,0
邀,邀,,,0
腰,腰,,,0
要,要,,,0
淆,淆,,,0
夭,夭,,,0
妖,妖,,,0
,,,1,Frequency header
么,么,,,0
姚,姚,,,0
吆,吆,,,0
舀,舀,,,0
肴,肴,,,0
,,,0,Frequency header
曜,曜,,,0
靿,靿,,,0
窈,窈,,,0
繇,繇,,,0
窅,窅,,,0
徭,徭,,,0
幺,幺,,,0
崤,崤,,,0
爻,爻,,,0
杳,杳,,,0
珧,珧,,,0
,,ye,,Pinyin header
,,,2,Frequency header
液,液,,,0
夜,夜,,,0
也,也,,,0
野,野,,,0
椰,椰,,,0
冶,冶,,,0
,,,1,Frequency header
掖,掖,,,0
,,,0,Frequency header
耶,耶,,,0
拽,拽,,,0
揶,揶,,,0
曳,曳,,,0
倻,倻,,,0
噎,噎,,,0
,,yi,,Pinyin header
,,,2,Frequency header
益,益,,,0
壹,壹,,,0
溢,溢,,,0
宜,宜,,,0
疑,疑,,,0
以,以,,,0
疫,疫,,,0
亦,亦,,,0
毅,毅,,,0
乙,乙,,,0
屹,屹,,,0
咦,咦,,,0
逸,逸,,,0
移,移,,,0
翌,翌,,,0
裔,裔,,,0
一,一,,,0
怡,怡,,,0
姨,姨,,,0
抑,抑,,,0
已,已,,,0
意,意,,,0
翼,翼,,,0
役,役,,,0
倚,倚,,,0
易,易,,,0
伊,伊,,,0
依,依,,,0
衣,衣,,,0
椅,椅,,,0
,,,1,Frequency header
奕,奕,,,0
胰,胰,,,0
肄,肄,,,0
夷,夷,,,0
揖,揖,,,0
邑,邑,,,0
腋,腋,,,0
,,,0,Frequency header
酏,酏,,,0
臆,臆,,,0
廙,廙,,,0
噫,噫,,,0
迤,迤,,,0
挹,挹,,,0
懿,懿,,,0
乂,乂,,,0
矣,矣,,,0
黟,黟,,,0
圯,圯,,,0
簃,簃,,,0
猗,猗,,,0
嶷,嶷,,,0
扅,扅,,,0
佚,佚,,,0
弈,弈,,,0
翊,翊,,,0
弋,弋,,,0
浥,浥,,,0
咿,咿,,,0
仡,仡,,,0
刈,刈,,,0
殪,殪,,,0
苡,苡,,,0
薏,薏,,,0
嗌,嗌,,,0
蜴,蜴,,,0
埸,埸,,,0
繄,繄,,,0
旖,旖,,,0
沂,沂,,,0
佾,佾,,,0
痍,痍,,,0
熠,熠,,,0
羿,羿,,,0
悒,悒,,,0
劓,劓,,,0
螠,螠,,,0
翳,翳,,,0
匜,匜,,,0
彝,彝,,,0
癔,癔,,,0
漪,漪,,,0
,,yin,,Pinyin header
,,,2,Frequency header
印,印,,,0
引,引,,,0
吟,吟,,,0
因,因,,,0
姻,姻,,,0
音,音,,,0
殷,殷,,,0
,,,1,Frequency header
蚓,蚓,,,0
茵,茵,,,0
淫,淫,,,0
,,,0,Frequency header
愔,愔,,,0
氤,氤,,,0
狺,狺,,,0
茚,茚,,,0
嚚,嚚,,,0
窨,窨,,,0
寅,寅,,,0
崟,崟,,,0
胤,胤,,,0
霪,霪,,,0
尹,尹,,,0
喑,喑,,,0
垠,垠,,,0
洇,洇,,,0
堙,堙,,,0
鄞,鄞,,,0
夤,夤,,,0
湮,湮,,,0
,,ying,,Pinyin header
,,,2,Frequency header
英,英,,,0
迎,迎,,,0
硬,硬,,,0
影,影,,,0
映,映,,,0
盈,盈,,,0
,,,0,Frequency header
膺,膺,,,0
郢,郢,,,0
瑛,瑛,,,0
瀛,瀛,,,0
楹,楹,,,0
媵,媵,,,0
嬴,嬴,,,0
,,yo,,Pinyin header
,,,0,Frequency header
唷,唷,,,0
,,yong,,Pinyin header
,,,2,Frequency header
佣,佣,,,0
泳,泳,,,0
庸,庸,,,0
勇,勇,,,0
永,永,,,0
用,用,,,0
,,,1,Frequency header
涌,涌,,,0
蛹,蛹,,,0
,,,0,Frequency header
饔,饔,,,0
俑,俑,,,0
邕,邕,,,0
鄘,鄘,,,0
蕹,蕹,,,0
墉,墉,,,0
雍,雍,,,0
甬,甬,,,0
慵,慵,,,0
恿,恿,,,0
臃,臃,,,0
壅,壅,,,0
喁,喁,,,0
,,you,,Pinyin header
,,,2,Frequency header
幽,幽,,,0
柚,柚,,,0
右,右,,,0
游,游,,,0
尤,尤,,,0
友,友,,,0
又,又,,,0
油,油,,,0
佑,佑,,,0
由,由,,,0
有,有,,,0
悠,悠,,,0
幼,幼,,,0
,,,0,Frequency header
鼬,鼬,,,0
莠,莠,,,0
牖,牖,,,0
呦,呦,,,0
羑,羑,,,0
宥,宥,,,0
蚴,蚴,,,0
猷,猷,,,0
蚰,蚰,,,0
耰,耰,,,0
酉,酉,,,0
侑,侑,,,0
釉,釉,,,0
蝣,蝣,,,0
疣,疣,,,0
黝,黝,,,0
攸,攸,,,0
卣,卣,,,0
囿,囿,,,0
,,yu,,Pinyin header
,,,2,Frequency header
愚,愚,,,0
豫,豫,,,0
予,予,,,0
淤,淤,,,0
愉,愉,,,0
浴,浴,,,0
育,育,,,0
寓,寓,,,0
逾,逾,,,0
宇,宇,,,0
域,域,,,0
裕,裕,,,0
羽,羽,,,0
雨,雨,,,0
御,御,,,0
喻,喻,,,0
郁,郁,,,0
愈,愈,,,0
遇,遇,,,0
玉,玉,,,0
欲,欲,,,0
於,於,,,0
,,,1,Frequency header
芋,芋,,,0
于,于,,,0
余,余,,,0
迂,迂,,,0
榆,榆,,,0
隅,隅,,,0
,,,0,Frequency header
嵎,嵎,,,0
禺,禺,,,0
堉,堉,,,0
妤,妤,,,0
竽,竽,,,0
渝,渝,,,0
瑜,瑜,,,0
庾,庾,,,0
聿,聿,,,0
揄,揄,,,0
盂,盂,,,0
嵛,嵛,,,0
雩,雩,,,0
鬻,鬻,,,0
燏,燏,,,0
瘐,瘐,,,0
禹,禹,,,0
煜,煜,,,0
蝓,蝓,,,0
俞,俞,,,0
蜮,蜮,,,0
狳,狳,,,0
圄,圄,,,0
圉,圉,,,0
腧,腧,,,0
燠,燠,,,0
窬,窬,,,0
萸,萸,,,0
窳,窳,,,0
臾,臾,,,0
毓,毓,,,0
峪,峪,,,0
腴,腴,,,0
瑀,瑀,,,0
昱,昱,,,0
彧,彧,,,0
虞,虞,,,0
,,yuan,,Pinyin header
,,,2,Frequency header
元,元,,,0
原,原,,,0
源,源,,,0
冤,冤,,,0
院,院,,,0
援,援,,,0
怨,怨,,,0
猿,猿,,,0
,,,1,Frequency header
愿,愿,,,0
袁,袁,,,0
,,,0,Frequency header
垣,垣,,,0
苑,苑,,,0
螈,螈,,,0
圜,圜,,,0
芫,芫,,,0
瑗,瑗,,,0
掾,掾,,,0
箢,箢,,,0
蜎,蜎,,,0
湲,湲,,,0
塬,塬,,,0
爰,爰,,,0
眢,眢,,,0
媛,媛,,,0
沅,沅,,,0
,,yue,,Pinyin header
,,,2,Frequency header
悦,悦,,,0
月,月,,,0
岳,岳,,,0
越,越,,,0
,,,0,Frequency header
樾,樾,,,0
刖,刖,,,0
龠,龠,,,0
玥,玥,,,0
曱,曱,,,0
曰,曰,,,0
瀹,瀹,,,0
,,yun,,Pinyin header
,,,2,Frequency header
孕,孕,,,0
允,允,,,0
云,云,,,0
耘,耘,,,0
,,,0,Frequency header
氲,氲,,,0
筠,筠,,,0
芸,芸,,,0
熨,熨,,,0
愠,愠,,,0
鋆,鋆,,,0
昀,昀,,,0
狁,狁,,,0
,,za,,Pinyin header
,,,1,Frequency header
砸,砸,,,0
,,,0,Frequency header
咂,咂,,,0
匝,匝,,,0
,,zai,,Pinyin header
,,,2,Frequency header
宰,宰,,,0
在,在,,,0
再,再,,,0
栽,栽,,,0
,,,0,Frequency header
崽,崽,,,0
哉,哉,,,0
,,zan,,Pinyin header
,,,2,Frequency header
咱,咱,,,0
,,,0,Frequency header
簪,簪,,,0
糌,糌,,,0
拶,拶,,,0
昝,昝,,,0
,,zang,,Pinyin header
,,,2,Frequency header
葬,葬,,,0
,,,0,Frequency header
奘,奘,,,0
臧,臧,,,0
牂,牂,,,0
,,zao,,Pinyin header
,,,2,Frequency header
糟,糟,,,0
澡,澡,,,0
噪,噪,,,0
蚤,蚤,,,0
遭,遭,,,0
早,早,,,0
皂,皂,,,0
燥,燥,,,0
造,造,,,0
藻,藻,,,0
躁,躁,,,0
,,,1,Frequency header
灶,灶,,,0
,,,0,Frequency header
唣,唣,,,0
慥,慥,,,0
璪,璪,,,0
,,ze,,Pinyin header
,,,0,Frequency header
迮,迮,,,0
仄,仄,,,0
舴,舴,,,0
笮,笮,,,0
昃,昃,,,0
,,zen,,Pinyin header
,,,2,Frequency header
怎,怎,,,0
,,zeng,,Pinyin header
,,,2,Frequency header
憎,憎,,,0
增,增,,,0
,,,0,Frequency header
甑,甑,,,0
罾,罾,,,0
,,zha,,Pinyin header
,,,2,Frequency header
炸,炸,,,0
扎,扎,,,0
喳,喳,,,0
渣,渣,,,0
眨,眨,,,0
榨,榨,,,0
,,,1,Frequency header
乍,乍,,,0
,,,0,Frequency header
猹,猹,,,0
溠,溠,,,0
痄,痄,,,0
栅,栅,,,0
楂,楂,,,0
膪,膪,,,0
札,札,,,0
蚱,蚱,,,0
砟,砟,,,0
咋,咋,,,0
甴,甴,,,0
揸,揸,,,0
哳,哳,,,0
,,zhai,,Pinyin header
,,,2,Frequency header
窄,窄,,,0
摘,摘,,,0
宅,宅,,,0
,,,1,Frequency header
寨,寨,,,0
,,,0,Frequency header
瘵,瘵,,,0
,,zhan,,Pinyin header
,,,2,Frequency header
站,站,,,0
沾,沾,,,0
展,展,,,0
瞻,瞻,,,0
占,占,,,0
,,,1,Frequency header
蘸,蘸,,,0
,,,0,Frequency header
搌,搌,,,0
拃,拃,,,0
湛,湛,,,0
旃,旃,,,0
詹,詹,,,0
,,zhang,,Pinyin header
,,,2,Frequency header
障,障,,,0
彰,彰,,,0
章,章,,,0
蟑,蟑,,,0
杖,杖,,,0
仗,仗,,,0
掌,掌,,,0
丈,丈,,,0
,,,1,Frequency header
樟,樟,,,0
,,,0,Frequency header
嶂,嶂,,,0
嫜,嫜,,,0
獐,獐,,,0
鄣,鄣,,,0
璋,璋,,,0
幛,幛,,,0
漳,漳,,,0
仉,仉,,,0
瘴,瘴,,,0
,,zhao,,Pinyin header
,,,2,Frequency header
沼,沼,,,0
罩,罩,,,0
朝,朝,,,0
着,着,,,0
召,召,,,0
招,招,,,0
找,找,,,0
兆,兆,,,0
照,照,,,0
,,,1,Frequency header
昭,昭,,,0
,,,0,Frequency header
肇,肇,,,0
笊,笊,,,0
,,zhe,,Pinyin header
,,,2,Frequency header
遮,遮,,,0
蔗,蔗,,,0
折,折,,,0
摺,摺,,,0
者,者,,,0
,,,1,Frequency header
哲,哲,,,0
浙,浙,,,0
,,,0,Frequency header
褶,褶,,,0
蜇,蜇,,,0
晢,晢,,,0
磔,磔,,,0
柘,柘,,,0
赭,赭,,,0
,,zhen,,Pinyin header
,,,2,Frequency header
珍,珍,,,0
枕,枕,,,0
震,震,,,0
真,真,,,0
振,振,,,0
甄,甄,,,0
,,,1,Frequency header
疹,疹,,,0
斟,斟,,,0
榛,榛,,,0
,,,0,Frequency header
袗,袗,,,0
圳,圳,,,0
箴,箴,,,0
畛,畛,,,0
胗,胗,,,0
砧,砧,,,0
朕,朕,,,0
蓁,蓁,,,0
溱,溱,,,0
臻,臻,,,0
,,zheng,,Pinyin header
,,,2,Frequency header
征,征,,,0
症,症,,,0
政,政,,,0
徵,徵,,,0
蒸,蒸,,,0
整,整,,,0
拯,拯,,,0
正,正,,,0
,,,1,Frequency header
怔,怔,,,0
,,,0,Frequency header
烝,烝,,,0
,,zhi,,Pinyin header
,,,2,Frequency header
芝,芝,,,0
趾,趾,,,0
秩,秩,,,0
汁,汁,,,0
窒,窒,,,0
支,支,,,0
炙,炙,,,0
至,至,,,0
制,制,,,0
智,智,,,0
致,致,,,0
只,只,,,0
直,直,,,0
旨,旨,,,0
址,址,,,0
殖,殖,,,0
知,知,,,0
值,值,,,0
治,治,,,0
之,之,,,0
肢,肢,,,0
指,指,,,0
置,置,,,0
植,植,,,0
志,志,,,0
蜘,蜘,,,0
枝,枝,,,0
止,止,,,0
吱,吱,,,0
脂,脂,,,0
稚,稚,,,0
,,,0,Frequency header
郅,郅,,,0
枳,枳,,,0
扺,扺,,,0
痔,痔,,,0
胝,胝,,,0
沚,沚,,,0
黹,黹,,,0
埴,埴,,,0
雉,雉,,,0
峙,峙,,,0
忮,忮,,,0
芷,芷,,,0
摭,摭,,,0
蛭,蛭,,,0
豸,豸,,,0
陟,陟,,,0
咫,咫,,,0
痣,痣,,,0
酯,酯,,,0
滍,滍,,,0
梽,梽,,,0
彘,彘,,,0
祉,祉,,,0
庤,庤,,,0
帙,帙,,,0
祗,祗,,,0
跖,跖,,,0
桎,桎,,,0
卮,卮,,,0
,,zhong,,Pinyin header
,,,2,Frequency header
中,中,,,0
忠,忠,,,0
衷,衷,,,0
重,重,,,0
,,,1,Frequency header
仲,仲,,,0
,,,0,Frequency header
忪,忪,,,0
盅,盅,,,0
踵,踵,,,0
冢,冢,,,0
螽,螽,,,0
,,zhou,,Pinyin header
,,,2,Frequency header
洲,洲,,,0
州,州,,,0
帚,帚,,,0
周,周,,,0
粥,粥,,,0
咒,咒,,,0
舟,舟,,,0
宙,宙,,,0
,,,1,Frequency header
肘,肘,,,0
,,,0,Frequency header
籀,籀,,,0
啁,啁,,,0
胄,胄,,,0
酎,酎,,,0
妯,妯,,,0
,,zhu,,Pinyin header
,,,2,Frequency header
柱,柱,,,0
珠,珠,,,0
竹,竹,,,0
株,株,,,0
著,著,,,0
煮,煮,,,0
助,助,,,0
主,主,,,0
住,住,,,0
蛛,蛛,,,0
逐,逐,,,0
注,注,,,0
祝,祝,,,0
蛀,蛀,,,0
朱,朱,,,0
,,,1,Frequency header
拄,拄,,,0
,,,0,Frequency header
疰,疰,,,0
竺,竺,,,0
瘃,瘃,,,0
箸,箸,,,0
茱,茱,,,0
筑,筑,,,0
麈,麈,,,0
邾,邾,,,0
炷,炷,,,0
翥,翥,,,0
蠋,蠋,,,0
杼,杼,,,0
洙,洙,,,0
舳,舳,,,0
躅,躅,,,0
侏,侏,,,0
渚,渚,,,0
,,zhua,,Pinyin header
,,,2,Frequency header
爪,爪,,,0
抓,抓,,,0
,,zhuan,,Pinyin header
,,,1,Frequency header
撰,撰,,,0
,,,0,Frequency header
篆,篆,,,0
,,zhuang,,Pinyin header
,,,2,Frequency header
撞,撞,,,0
,,,0,Frequency header
庄,庄,,,0
,,zhui,,Pinyin header
,,,2,Frequency header
追,追,,,0
,,,1,Frequency header
椎,椎,,,0
,,,0,Frequency header
惴,惴,,,0
,,zhun,,Pinyin header
,,,2,Frequency header
准,准,,,0
,,,0,Frequency header
肫,肫,,,0
隼,隼,,,0
窀,窀,,,0
,,zhuo,,Pinyin header
,,,2,Frequency header
灼,灼,,,0
琢,琢,,,0
卓,卓,,,0
茁,茁,,,0
桌,桌,,,0
啄,啄,,,0
捉,捉,,,0
,,,1,Frequency header
拙,拙,,,0
酌,酌,,,0
,,,0,Frequency header
棹,棹,,,0
倬,倬,,,0
禚,禚,,,0
擢,擢,,,0
濯,濯,,,0
焯,焯,,,0
斫,斫,,,0
踔,踔,,,0
涿,涿,,,0
浞,浞,,,0
,,zi,,Pinyin header
,,,2,Frequency header
紫,紫,,,0
姊,姊,,,0
姿,姿,,,0
滋,滋,,,0
仔,仔,,,0
滓,滓,,,0
自,自,,,0
子,子,,,0
字,字,,,0
,,,1,Frequency header
籽,籽,,,0
咨,咨,,,0
,,,0,Frequency header
孜,孜,,,0
梓,梓,,,0
嵫,嵫,,,0
甾,甾,,,0
秭,秭,,,0
嗞,嗞,,,0
觜,觜,,,0
訾,訾,,,0
笫,笫,,,0
孳,孳,,,0
髭,髭,,,0
茈,茈,,,0
耔,耔,,,0
淄,淄,,,0
恣,恣,,,0
呲,呲,,,0
鼒,鼒,,,0
,,zong,,Pinyin header
,,,2,Frequency header
宗,宗,,,0
粽,粽,,,0
棕,棕,,,0
,,,0,Frequency header
腙,腙,,,0
鬃,鬃,,,0
熜,熜,,,0
,,zou,,Pinyin header
,,,2,Frequency header
奏,奏,,,0
走,走,,,0
,,,1,Frequency header
揍,揍,,,0
,,,0,Frequency header
鄹,鄹,,,0
陬,陬,,,0
,,zu,,Pinyin header
,,,2,Frequency header
祖,祖,,,0
租,租,,,0
卒,卒,,,0
族,族,,,0
足,足,,,0
阻,阻,,,0
,,,0,Frequency header
俎,俎,,,0
,,zuan,,Pinyin header
,,,0,Frequency header
攥,攥,,,0
纂,纂,,,0
,,zui,,Pinyin header
,,,2,Frequency header
嘴,嘴,,,0
最,最,,,0
醉,醉,,,0
罪,罪,,,0
,,,0,Frequency header
蕞,蕞,,,0
脧,脧,,,0
,,zun,,Pinyin header
,,,2,Frequency header
遵,遵,,,0
樽,樽,,,0
尊,尊,,,0
,,,0,Frequency header
撙,撙,,,0
,,zuo,,Pinyin header
,,,2,Frequency header
做,做,,,0
座,座,,,0
作,作,,,0
坐,坐,,,0
昨,昨,,,0
左,左,,,0
,,,0,Frequency header
祚,祚,,,0
佐,佐,,,0
胙,胙,,,0
柞,柞,,,0
唑,唑,,,0
酢,酢,,,0
嘬,嘬,,,0
怍,怍,,,0
阼,阼,,,0